Duration,Protocol,Service,Flag,Src_Bytes,Dst_Bytes,Failed_Logins,Root_Accesses,File_Creations,Shell_Prompts,Same_Host_Conn,Same_Service_Conn,Src_To_Dst_Pkts,Dst_To_Src_Pkts,Avg_Pkt_Size,Label
93,UDP,HTTP,S0,5151,1256,4,2,1,1,18,16,93,21,585,Probe
0,TCP,SMTP,RSTO,4859,2811,3,4,3,2,6,17,45,51,999,Probe
69,UDP,SMTP,S0,7191,3439,3,3,4,2,18,2,27,33,689,Normal
89,TCP,SMTP,RSTO,3423,1994,3,3,2,2,19,18,35,82,1148,Normal
62,UDP,FTP,SF,7110,8212,2,4,1,1,17,4,39,13,299,Probe
56,UDP,SMTP,SF,7156,8056,0,4,2,3,0,7,94,99,943,U2R
53,ICMP,HTTP,REJ,8749,8874,1,3,2,2,1,11,69,59,75,U2R
39,ICMP,FTP,SF,7327,1686,3,1,0,0,19,12,24,31,123,Probe
81,UDP,SMTP,S0,2281,7310,1,4,3,3,13,10,51,34,970,Probe
79,TCP,FTP,REJ,6155,4548,0,4,2,0,9,13,14,20,680,Normal
36,ICMP,HTTP,RSTO,4573,5153,4,1,0,4,15,16,27,19,153,Probe
10,UDP,SMTP,RSTO,9404,6326,4,2,0,0,15,7,19,15,426,Normal
47,UDP,FTP,S0,2719,1404,1,2,0,2,1,18,2,90,1071,Normal
65,UDP,FTP,REJ,5695,1579,1,4,4,2,17,13,67,58,854,R2L
69,ICMP,DNS,RSTO,6856,3131,2,4,4,3,12,4,9,44,86,Probe
42,TCP,DNS,S0,3893,228,1,2,2,4,6,7,70,38,1292,DoS
17,TCP,DNS,REJ,6265,5617,4,1,3,2,15,6,34,86,237,Probe
89,UDP,DNS,RSTO,8963,6259,2,2,3,2,17,19,7,21,1152,U2R
38,ICMP,HTTP,S0,7097,9365,3,1,1,3,6,15,8,51,1110,U2R
86,UDP,DNS,REJ,9300,3241,3,4,3,4,19,8,89,50,1119,Normal
92,TCP,FTP,RSTO,5490,4162,3,4,1,0,11,8,33,53,1046,R2L
70,UDP,SMTP,SF,5647,7400,3,0,2,1,0,15,58,65,1160,Normal
49,TCP,SMTP,REJ,4674,4717,2,2,1,1,1,1,63,9,203,Normal
97,TCP,HTTP,REJ,5468,5466,4,4,0,1,9,5,21,7,822,Probe
11,ICMP,DNS,S0,5682,2111,0,4,4,1,18,14,66,11,11,R2L
52,TCP,SMTP,S0,530,3115,2,4,0,2,4,11,83,71,664,DoS
78,TCP,FTP,S0,8808,8316,2,0,1,4,19,10,33,18,1407,DoS
39,ICMP,FTP,RSTO,1156,8299,1,0,1,2,13,2,94,54,310,Probe
43,TCP,FTP,SF,998,9469,0,1,1,3,1,6,51,23,883,R2L
83,TCP,FTP,SF,4802,6167,4,0,4,2,4,2,3,35,96,DoS
51,UDP,SMTP,SF,6510,6346,3,1,0,1,19,7,26,21,1287,Probe
13,TCP,HTTP,S0,8772,9811,2,4,1,0,18,3,15,67,416,U2R
49,UDP,SMTP,SF,2830,4212,2,3,4,3,16,8,67,94,394,R2L
49,UDP,HTTP,RSTO,9854,4182,1,1,0,0,1,3,78,79,685,Normal
69,TCP,FTP,RSTO,7003,741,3,1,1,2,12,16,96,75,865,R2L
16,ICMP,HTTP,REJ,815,2958,2,2,4,1,17,1,2,57,439,R2L
10,TCP,SMTP,S0,7115,2907,2,4,0,2,5,13,19,45,1231,DoS
64,ICMP,DNS,SF,4584,772,3,0,3,0,14,13,98,12,264,Probe
60,TCP,DNS,REJ,1908,9365,3,1,3,2,6,11,79,63,1402,R2L
78,UDP,SMTP,SF,9888,9178,2,3,4,2,0,17,89,85,278,Normal
73,ICMP,HTTP,REJ,470,8036,2,0,0,1,1,2,27,71,1170,Probe
85,UDP,SMTP,SF,6170,1448,2,4,3,0,5,3,21,56,1462,DoS
14,ICMP,SMTP,RSTO,269,6479,2,3,0,2,8,9,48,22,1333,DoS
18,ICMP,FTP,REJ,4197,5354,3,1,1,0,4,12,72,65,1412,DoS
31,TCP,HTTP,REJ,5980,5015,4,0,4,4,2,4,1,66,138,U2R
44,TCP,HTTP,SF,2722,1077,2,1,2,4,11,9,16,71,1347,Normal
76,TCP,FTP,REJ,3829,2308,2,1,4,3,7,9,16,36,1453,U2R
77,UDP,SMTP,REJ,692,3825,3,0,4,1,1,9,5,41,331,Normal
73,ICMP,FTP,SF,3417,5302,0,4,1,3,7,4,70,7,1487,R2L
25,ICMP,DNS,RSTO,4543,3831,2,4,3,1,4,5,28,24,1266,Normal
18,TCP,SMTP,REJ,9535,8197,2,3,4,4,11,9,19,96,1119,Probe
44,ICMP,HTTP,S0,5648,5541,4,3,4,0,4,4,28,97,1128,R2L
37,TCP,DNS,REJ,4293,6278,4,2,2,3,4,15,10,49,990,Probe
1,UDP,DNS,RSTO,5220,174,0,2,1,4,6,16,99,29,922,R2L
41,TCP,SMTP,RSTO,2448,3801,0,3,1,4,15,19,86,30,273,U2R
57,ICMP,FTP,REJ,2960,3517,3,0,1,1,17,3,87,34,1402,Probe
0,TCP,HTTP,SF,8885,9887,2,2,2,2,10,3,41,57,711,U2R
34,TCP,HTTP,RSTO,4116,3580,0,0,3,3,16,15,35,52,512,U2R
63,UDP,SMTP,REJ,2388,241,0,0,0,1,5,13,35,15,988,DoS
28,ICMP,FTP,REJ,7261,3350,0,4,1,2,0,15,63,24,829,DoS
72,ICMP,FTP,SF,7237,4491,3,1,4,1,7,9,81,5,505,Normal
76,ICMP,SMTP,RSTO,9246,7102,4,3,4,0,13,18,60,91,1265,Normal
16,TCP,SMTP,S0,9076,4900,4,4,1,3,2,6,90,95,807,DoS
71,TCP,SMTP,SF,628,8874,1,3,1,0,4,8,22,59,439,U2R
59,ICMP,SMTP,REJ,4058,977,4,2,2,3,15,1,81,31,1475,U2R
60,TCP,DNS,REJ,2639,7371,4,1,2,2,15,3,72,54,302,U2R
8,ICMP,SMTP,REJ,29,2151,2,4,0,3,8,1,43,88,1205,Normal
67,UDP,FTP,REJ,943,8386,2,1,4,1,6,14,55,68,649,Normal
76,UDP,FTP,RSTO,4145,4936,1,1,0,2,1,4,83,94,1317,Probe
99,UDP,SMTP,SF,9155,9446,1,2,1,0,0,17,83,68,272,Normal
96,UDP,FTP,S0,1365,553,2,0,3,3,4,3,75,55,1002,U2R
4,UDP,HTTP,REJ,3626,9111,4,1,1,0,19,7,34,10,504,Probe
36,UDP,DNS,RSTO,2012,4293,0,3,0,3,15,3,56,4,1157,DoS
87,UDP,DNS,SF,2320,4005,2,4,0,2,4,8,81,92,527,Probe
24,ICMP,SMTP,RSTO,222,5546,3,1,0,2,6,3,5,0,420,DoS
44,UDP,HTTP,RSTO,8520,5362,3,2,4,3,16,15,51,3,39,Probe
72,UDP,DNS,SF,5427,9227,4,3,3,1,17,19,25,24,162,DoS
87,ICMP,FTP,RSTO,4112,6101,0,4,2,1,12,11,64,57,1105,R2L
61,UDP,FTP,SF,9581,506,4,0,0,3,3,0,95,91,296,U2R
12,TCP,FTP,REJ,9314,2544,2,2,4,1,3,1,71,13,297,Probe
84,UDP,FTP,SF,6349,8584,4,3,1,1,4,13,23,30,139,U2R
12,UDP,SMTP,S0,9381,7142,1,2,2,4,2,10,62,32,1261,Normal
67,ICMP,SMTP,S0,2799,7685,4,2,2,0,12,2,6,5,551,DoS
62,TCP,DNS,REJ,8503,9689,3,3,1,1,19,11,55,88,373,Normal
60,TCP,DNS,REJ,9698,4219,3,2,1,3,9,13,6,29,1386,Normal
71,ICMP,HTTP,RSTO,5054,7053,3,4,0,3,3,9,75,83,1053,Probe
87,UDP,SMTP,S0,2732,3854,1,2,1,1,5,13,96,77,821,U2R
62,TCP,SMTP,REJ,406,7492,1,4,2,0,12,3,97,2,776,Probe
24,ICMP,SMTP,SF,9954,6695,2,0,4,1,13,16,82,71,101,Probe
20,ICMP,FTP,SF,8043,2747,3,2,1,1,9,3,86,78,296,U2R
35,TCP,FTP,RSTO,1686,9437,3,4,3,1,4,14,78,37,836,Probe
90,ICMP,DNS,SF,2270,8274,0,4,3,2,2,16,59,28,1448,R2L
98,TCP,DNS,S0,3910,5232,3,1,3,1,3,17,39,6,336,R2L
99,ICMP,SMTP,S0,585,7402,1,2,2,3,6,2,59,58,796,Normal
37,ICMP,SMTP,SF,9241,1288,3,1,0,4,10,19,16,4,484,U2R
82,UDP,HTTP,REJ,1081,611,4,0,2,3,11,11,86,36,425,DoS
85,TCP,FTP,RSTO,2969,231,4,1,1,1,10,15,13,53,1227,Probe
76,ICMP,HTTP,REJ,606,6078,2,1,2,2,16,1,12,0,252,Probe
13,ICMP,SMTP,S0,4373,6355,4,1,2,1,7,18,42,34,1423,Probe
59,UDP,HTTP,RSTO,2870,9699,1,4,1,2,14,15,75,31,79,Normal
76,UDP,SMTP,RSTO,1514,7377,4,2,1,3,10,7,80,22,312,DoS
1,ICMP,SMTP,SF,5388,3714,3,3,0,3,13,11,81,65,1187,Normal
50,ICMP,SMTP,S0,5117,4356,3,1,4,2,7,17,31,24,510,U2R
75,UDP,SMTP,SF,1905,5155,2,4,3,3,1,4,9,46,1489,U2R
36,UDP,DNS,S0,8483,841,1,2,0,3,12,18,55,5,153,Probe
0,TCP,HTTP,SF,1270,9036,1,4,1,4,6,2,87,16,1210,R2L
14,TCP,FTP,SF,8534,825,1,1,4,3,19,7,68,29,141,U2R
37,TCP,HTTP,REJ,5004,7871,2,4,3,3,1,14,92,66,893,Probe
30,ICMP,DNS,S0,5362,676,1,2,2,4,14,9,85,79,953,DoS
48,TCP,HTTP,REJ,7400,174,4,3,0,0,17,2,31,25,1006,R2L
11,TCP,DNS,S0,359,781,3,3,0,4,11,12,91,12,1236,U2R
40,ICMP,FTP,RSTO,133,6394,3,2,4,1,12,3,21,81,1126,Probe
0,UDP,SMTP,S0,1029,3682,1,3,0,3,11,11,86,10,773,Probe
53,UDP,HTTP,S0,2344,8902,2,4,0,3,0,6,35,61,1390,R2L
11,ICMP,HTTP,REJ,1190,930,2,4,1,0,5,19,96,95,607,U2R
66,UDP,FTP,SF,7691,2175,2,2,2,1,11,16,57,5,928,R2L
7,TCP,FTP,REJ,8316,7950,3,0,0,1,10,14,54,87,68,Probe
82,UDP,DNS,SF,576,8735,3,0,0,4,3,4,26,22,395,Probe
87,TCP,FTP,RSTO,0,1897,0,4,2,1,4,17,72,80,340,R2L
1,TCP,FTP,S0,8781,8030,4,4,1,3,13,14,81,82,1299,DoS
6,ICMP,DNS,SF,3432,3835,0,1,0,2,6,1,72,97,422,Normal
29,TCP,FTP,S0,1613,3413,1,3,3,1,17,7,1,21,1453,DoS
70,ICMP,DNS,S0,5681,9581,1,4,4,4,5,10,44,56,1459,DoS
61,TCP,HTTP,REJ,8890,8372,0,1,0,4,7,15,71,83,341,U2R
16,ICMP,DNS,S0,704,2032,3,3,3,2,16,18,7,90,1481,Probe
38,ICMP,HTTP,RSTO,1574,1170,2,0,4,4,14,1,84,85,1367,DoS
97,UDP,DNS,S0,9020,2206,4,4,0,1,7,4,0,14,510,Probe
43,ICMP,DNS,SF,9766,6778,2,4,1,0,15,9,88,79,493,R2L
55,UDP,DNS,REJ,9996,641,1,0,0,2,17,17,13,6,1186,R2L
60,UDP,SMTP,SF,4854,2687,2,3,0,4,11,3,26,8,1113,DoS
72,UDP,FTP,SF,6944,1311,4,0,2,4,15,6,66,59,1233,Probe
61,ICMP,HTTP,SF,187,9298,4,0,3,1,14,3,55,94,446,DoS
84,TCP,HTTP,REJ,8341,6533,4,3,1,3,0,5,99,83,1490,U2R
2,UDP,FTP,SF,2544,6315,3,2,3,1,5,6,10,43,499,Probe
80,ICMP,HTTP,SF,6648,4283,3,3,1,3,6,19,27,23,1313,U2R
59,ICMP,HTTP,REJ,1176,286,1,3,0,0,13,17,27,60,1004,R2L
97,UDP,SMTP,REJ,6772,2343,0,4,4,0,1,9,43,37,1407,U2R
55,ICMP,HTTP,REJ,5561,9564,0,3,2,0,4,15,94,56,509,DoS
81,UDP,FTP,SF,8107,8603,1,3,1,1,19,12,21,94,1316,DoS
58,UDP,HTTP,REJ,1450,7346,1,0,2,1,12,4,87,85,258,Normal
64,UDP,SMTP,S0,6828,8162,0,2,0,4,13,17,54,41,1381,Probe
0,ICMP,HTTP,RSTO,624,2771,1,0,1,2,0,9,74,39,862,U2R
72,TCP,SMTP,S0,8223,4448,2,0,2,3,2,14,28,58,790,R2L
35,TCP,SMTP,SF,8433,6048,2,3,3,0,10,14,92,10,1174,Probe
93,ICMP,FTP,S0,3723,3624,0,2,2,0,4,10,21,84,447,U2R
39,UDP,DNS,REJ,4251,2506,4,0,0,0,17,8,31,2,224,U2R
83,TCP,FTP,REJ,7335,407,3,4,3,2,18,9,96,46,14,R2L
18,UDP,SMTP,RSTO,429,5863,1,1,0,1,13,18,2,85,1087,R2L
53,TCP,HTTP,S0,6333,8566,4,3,1,3,3,9,92,12,1295,Probe
9,TCP,HTTP,RSTO,2112,9258,0,2,0,2,2,8,19,70,1369,DoS
56,TCP,FTP,SF,6520,8708,3,3,4,4,6,15,37,67,592,DoS
52,UDP,HTTP,REJ,6886,8509,4,4,2,4,17,15,3,21,413,U2R
56,TCP,SMTP,REJ,5723,9487,4,0,1,3,5,13,65,0,740,U2R
95,ICMP,FTP,REJ,9009,4942,2,3,2,4,14,12,84,82,733,Probe
86,ICMP,SMTP,S0,7994,2117,2,2,3,4,18,4,30,2,1433,Normal
33,ICMP,SMTP,RSTO,6618,4698,4,4,3,3,12,13,69,59,1092,R2L
51,ICMP,HTTP,SF,1912,3727,3,4,4,1,17,16,5,35,833,R2L
3,UDP,HTTP,RSTO,1239,4913,0,1,2,4,13,16,13,37,710,Probe
43,ICMP,HTTP,RSTO,2515,9458,2,4,2,0,7,5,3,27,143,U2R
64,UDP,FTP,REJ,6759,8593,3,1,3,1,19,12,90,98,723,Probe
54,UDP,SMTP,REJ,1320,7554,0,0,1,3,1,14,67,77,1339,Probe
56,UDP,HTTP,SF,7286,404,3,1,3,3,9,13,11,70,420,Probe
88,TCP,HTTP,RSTO,440,2358,1,3,2,4,6,19,30,61,1204,Probe
47,UDP,DNS,RSTO,2092,295,3,4,3,0,15,17,22,14,894,Normal
44,UDP,SMTP,RSTO,8370,2304,0,4,3,4,14,4,8,10,1403,Probe
1,TCP,FTP,RSTO,3369,3689,1,3,2,2,5,18,30,13,1139,U2R
89,ICMP,FTP,REJ,3870,9573,1,0,1,2,1,1,53,2,611,R2L
65,UDP,SMTP,S0,7707,9921,3,0,2,4,14,17,47,98,235,R2L
84,ICMP,SMTP,REJ,676,8201,0,3,4,3,18,18,12,2,469,U2R
39,UDP,FTP,SF,6407,1369,0,2,1,1,10,12,65,55,825,DoS
91,TCP,DNS,SF,1815,5855,1,2,4,3,1,19,26,72,1119,U2R
24,ICMP,DNS,SF,2310,2402,4,0,1,2,0,13,48,80,911,DoS
90,ICMP,SMTP,SF,2447,9184,0,4,3,3,19,19,80,72,762,DoS
71,TCP,DNS,SF,5417,6748,4,1,3,2,18,3,65,41,979,Probe
12,UDP,DNS,REJ,4665,8065,3,2,0,2,2,19,38,93,1443,DoS
16,ICMP,FTP,RSTO,1058,54,1,0,3,0,3,2,35,27,578,Normal
99,UDP,SMTP,REJ,1067,9336,0,1,0,2,11,6,6,35,1005,R2L
43,ICMP,HTTP,S0,6898,3794,2,2,0,2,4,0,66,13,910,Normal
40,UDP,FTP,RSTO,3934,210,4,0,2,0,14,18,96,36,481,DoS
46,UDP,HTTP,REJ,9440,8758,4,3,0,3,16,17,72,27,796,DoS
72,UDP,DNS,S0,8130,6144,4,3,3,0,14,11,77,30,1005,U2R
43,UDP,DNS,S0,1532,3674,2,1,3,4,4,6,53,83,1284,Probe
44,TCP,DNS,RSTO,3725,9558,4,4,3,2,12,15,17,58,504,U2R
97,UDP,DNS,RSTO,2677,8792,2,3,2,0,15,18,51,74,1406,Normal
87,TCP,HTTP,SF,1994,1160,3,1,3,1,14,3,6,89,763,Probe
13,UDP,SMTP,RSTO,66,9773,2,0,1,4,1,17,14,69,328,Normal
36,UDP,SMTP,SF,8494,9498,4,3,3,4,13,8,56,8,562,Probe
65,TCP,SMTP,REJ,6809,8494,2,1,1,4,10,15,39,38,31,DoS
12,TCP,FTP,SF,7726,6603,0,2,1,3,12,4,30,70,1391,U2R
53,TCP,FTP,S0,3170,624,3,0,3,3,8,1,77,12,995,R2L
73,ICMP,FTP,SF,1287,4513,3,0,3,2,10,15,18,69,1305,U2R
71,UDP,FTP,REJ,4988,3002,3,2,2,2,18,1,37,62,1077,R2L
42,UDP,DNS,REJ,1029,35,3,4,4,3,6,18,70,92,166,Probe
3,ICMP,HTTP,RSTO,2221,1147,3,1,4,4,9,11,80,67,543,R2L
54,TCP,FTP,REJ,9040,772,2,1,2,4,2,11,84,70,788,U2R
95,TCP,HTTP,RSTO,6388,8407,2,4,3,1,18,7,42,8,271,R2L
40,ICMP,FTP,S0,6471,5634,3,0,1,1,13,11,49,53,1094,Normal
51,ICMP,HTTP,S0,9881,6234,2,4,2,4,2,2,61,80,772,R2L
50,UDP,DNS,SF,9372,348,2,2,1,1,12,5,6,68,447,Probe
94,ICMP,HTTP,REJ,8241,5574,2,3,3,0,6,14,63,47,877,DoS
66,UDP,HTTP,RSTO,8188,3722,1,3,4,0,6,4,91,37,1260,U2R
75,ICMP,HTTP,REJ,9200,2560,4,4,0,4,1,3,56,8,127,Normal
15,UDP,SMTP,RSTO,2700,8450,0,4,0,3,3,10,68,49,1354,Probe
28,TCP,DNS,SF,5876,1843,1,3,1,1,18,12,55,70,368,Probe
6,ICMP,FTP,SF,4912,278,3,2,0,1,15,2,68,58,568,DoS
61,ICMP,HTTP,S0,6137,7682,0,2,4,0,16,8,50,54,1202,U2R
80,ICMP,DNS,S0,3411,3594,4,3,0,2,10,7,35,83,1391,U2R
86,TCP,SMTP,S0,2321,8407,2,3,4,0,10,17,94,37,113,R2L
62,UDP,FTP,RSTO,3238,96,1,3,2,2,17,19,39,80,440,DoS
82,ICMP,FTP,RSTO,6046,2939,0,3,1,2,0,19,91,96,903,DoS
33,ICMP,HTTP,REJ,7679,6257,2,1,2,0,14,6,45,2,146,Normal
18,UDP,HTTP,SF,6133,9752,1,2,4,3,14,18,84,44,350,Probe
63,ICMP,HTTP,SF,3315,9565,1,3,1,1,15,14,79,96,763,U2R
34,TCP,SMTP,REJ,3499,8529,1,2,2,1,11,9,54,99,353,U2R
44,TCP,DNS,S0,28,2569,1,3,3,2,12,2,65,83,1325,U2R
86,UDP,SMTP,REJ,3743,7793,3,3,0,4,15,16,96,7,1012,Normal
91,UDP,SMTP,RSTO,8727,3442,1,4,4,0,5,5,47,61,849,R2L
89,ICMP,HTTP,SF,9700,5350,3,2,1,4,0,11,11,1,678,U2R
59,UDP,SMTP,RSTO,1688,4161,2,0,4,3,18,1,53,45,957,Probe
44,TCP,HTTP,RSTO,8432,9035,0,4,1,0,11,5,58,3,1270,Normal
43,TCP,DNS,S0,3845,8464,2,4,2,3,18,3,94,95,345,U2R
60,ICMP,HTTP,REJ,2996,5474,4,3,4,0,9,0,51,11,1032,Probe
56,UDP,DNS,RSTO,4459,7172,0,1,3,2,0,15,57,33,1245,U2R
20,UDP,DNS,SF,8238,9635,1,0,4,2,0,4,23,77,108,U2R
34,ICMP,SMTP,RSTO,3927,8682,0,2,0,2,17,18,49,80,1334,Probe
88,TCP,FTP,SF,5794,4594,3,0,2,4,10,10,53,70,718,Normal
36,TCP,FTP,RSTO,2845,7030,0,2,0,3,4,4,7,50,513,Normal
56,ICMP,SMTP,RSTO,8185,5323,4,1,1,3,8,14,57,64,77,Normal
21,UDP,HTTP,S0,5176,3944,1,3,2,0,14,13,94,66,595,U2R
48,UDP,FTP,RSTO,4826,4290,2,1,0,3,18,19,92,77,1312,Normal
54,TCP,DNS,REJ,1384,2756,2,1,0,0,10,13,67,69,520,DoS
89,UDP,HTTP,S0,8894,8924,1,0,0,2,19,2,73,62,648,U2R
83,UDP,HTTP,RSTO,1685,5040,0,2,3,1,19,11,76,86,1126,DoS
77,ICMP,SMTP,RSTO,643,636,2,3,4,4,11,14,22,14,395,R2L
17,TCP,SMTP,REJ,317,9227,1,3,3,3,12,16,39,36,864,Probe
35,UDP,FTP,RSTO,1859,851,0,0,1,3,4,0,21,46,1038,Normal
92,ICMP,HTTP,REJ,2039,5432,4,0,1,2,5,0,1,62,1421,Normal
10,ICMP,HTTP,RSTO,8657,7501,4,0,3,0,4,9,39,35,1049,DoS
76,ICMP,DNS,REJ,7015,4909,1,3,3,2,9,5,75,11,579,DoS
97,ICMP,HTTP,REJ,2864,2189,4,0,0,3,19,4,60,90,981,Normal
34,UDP,FTP,RSTO,7453,38,2,1,3,1,15,9,31,54,1192,Normal
11,UDP,FTP,SF,787,4728,2,3,4,4,0,9,4,45,1217,R2L
9,TCP,DNS,S0,3468,6321,1,4,2,1,6,3,82,50,645,R2L
53,ICMP,SMTP,RSTO,9542,801,2,0,3,0,9,8,8,49,995,Normal
10,UDP,DNS,REJ,3008,3164,1,1,1,2,19,0,58,37,1172,R2L
67,TCP,DNS,RSTO,8720,6006,0,4,2,2,3,5,55,49,1250,Probe
59,UDP,DNS,SF,9755,2140,4,3,4,3,6,4,43,97,1163,R2L
62,UDP,DNS,RSTO,2634,9803,3,3,2,3,1,2,93,35,420,Probe
54,UDP,FTP,S0,5230,6996,4,4,1,4,17,12,35,5,1220,DoS
85,TCP,HTTP,S0,7109,3973,3,4,1,3,0,3,85,79,1209,Probe
71,UDP,SMTP,REJ,3033,5613,4,4,2,2,8,1,69,18,159,DoS
70,ICMP,DNS,S0,9079,3576,0,0,0,1,13,9,82,17,692,DoS
50,UDP,FTP,REJ,392,4510,2,2,2,3,7,16,91,54,4,R2L
66,ICMP,HTTP,S0,5611,5719,4,2,2,0,0,15,86,36,760,Normal
55,ICMP,DNS,S0,863,8825,4,3,2,3,14,6,70,43,1049,R2L
22,TCP,DNS,REJ,5172,2825,3,2,1,2,16,16,20,67,66,R2L
0,ICMP,SMTP,RSTO,2160,6778,0,3,3,4,5,0,51,18,793,R2L
63,TCP,FTP,RSTO,5474,9218,2,1,1,4,1,7,33,63,317,U2R
0,UDP,SMTP,REJ,581,141,1,1,1,4,6,18,27,8,689,U2R
71,ICMP,DNS,RSTO,4573,6910,4,2,1,2,5,7,1,28,1223,DoS
20,UDP,FTP,RSTO,5822,6403,4,2,4,4,15,8,0,83,31,Probe
57,UDP,DNS,REJ,2936,3894,0,1,2,3,2,15,27,3,928,Normal
86,ICMP,FTP,REJ,7910,3073,4,0,3,1,6,12,88,96,2,Probe
19,ICMP,HTTP,SF,3791,1061,3,4,0,3,3,0,82,7,592,Normal
60,ICMP,SMTP,SF,2065,4424,3,4,1,3,9,19,63,41,404,R2L
36,UDP,DNS,REJ,4213,5286,0,0,2,0,16,16,97,84,1472,Probe
61,TCP,FTP,REJ,7035,8350,2,3,2,3,6,11,61,79,598,R2L
59,UDP,SMTP,S0,2779,538,1,3,4,1,14,8,59,14,343,R2L
58,UDP,HTTP,RSTO,4065,5352,4,2,1,1,16,3,52,22,1197,R2L
71,UDP,HTTP,REJ,7030,2234,1,1,3,1,17,19,44,3,1260,U2R
69,UDP,DNS,REJ,1957,5104,1,4,3,1,2,3,11,35,1286,U2R
36,TCP,SMTP,REJ,1525,1495,4,1,2,4,19,16,57,5,1200,Normal
27,TCP,FTP,S0,2035,9976,1,1,3,4,10,3,64,91,822,U2R
14,ICMP,SMTP,REJ,6160,6996,3,3,0,1,1,19,4,42,1091,DoS
18,ICMP,FTP,RSTO,9386,2030,1,2,2,0,12,14,23,96,523,Probe
18,ICMP,FTP,S0,1320,2018,3,0,1,3,1,7,78,65,418,U2R
72,TCP,SMTP,SF,8712,3986,3,2,2,1,0,2,86,24,331,U2R
27,TCP,SMTP,S0,547,8369,3,3,4,4,13,3,12,40,275,U2R
92,TCP,DNS,REJ,1108,6847,2,4,0,2,12,13,47,26,934,DoS
9,TCP,SMTP,SF,4628,821,4,3,2,3,3,3,6,13,72,Normal
55,TCP,HTTP,SF,3415,992,4,4,4,3,1,19,3,4,52,R2L
88,ICMP,DNS,REJ,584,1684,0,2,2,2,16,8,44,12,736,R2L
96,UDP,FTP,SF,7769,9380,3,3,3,3,17,14,56,0,774,U2R
67,TCP,DNS,S0,1772,1598,3,0,0,1,14,9,85,90,1127,Normal
60,ICMP,HTTP,SF,5529,7697,1,1,3,2,13,6,90,44,761,Normal
70,ICMP,DNS,SF,1136,7334,3,3,0,2,4,15,9,96,236,U2R
6,UDP,HTTP,SF,164,3515,1,3,3,0,2,6,69,8,533,U2R
87,UDP,DNS,REJ,3689,5433,4,2,2,1,8,17,50,29,498,Normal
42,TCP,SMTP,SF,2505,1532,4,0,0,3,17,11,17,73,840,Probe
34,TCP,FTP,RSTO,2477,3713,0,0,1,3,6,2,44,20,1387,DoS
37,ICMP,SMTP,SF,4308,7828,1,3,2,1,12,2,37,32,794,R2L
65,TCP,DNS,RSTO,2372,8183,3,3,1,0,16,1,68,67,361,Probe
67,ICMP,HTTP,RSTO,5900,3940,0,3,1,1,2,4,9,69,207,DoS
32,TCP,SMTP,S0,8881,1625,1,1,0,0,1,17,63,70,741,R2L
82,UDP,FTP,S0,2648,5401,1,0,3,0,6,3,41,67,996,R2L
30,ICMP,HTTP,SF,8949,6359,1,0,0,3,1,9,20,74,1082,U2R
12,TCP,DNS,SF,5891,8535,2,2,0,4,17,17,67,92,260,U2R
85,ICMP,FTP,REJ,2888,2982,3,3,1,0,1,10,57,34,162,U2R
96,ICMP,HTTP,RSTO,5699,703,3,2,4,2,8,5,76,84,356,Probe
49,UDP,HTTP,S0,8701,4870,0,0,4,3,12,7,67,52,1427,DoS
12,TCP,HTTP,S0,1355,7425,3,4,1,3,18,14,98,68,530,U2R
77,UDP,HTTP,RSTO,5071,2031,4,2,2,1,0,8,58,80,560,R2L
14,TCP,DNS,SF,5416,7211,1,2,0,1,7,2,4,29,780,R2L
32,TCP,HTTP,REJ,3135,1109,1,0,0,3,4,8,52,40,1213,R2L
57,ICMP,SMTP,RSTO,4303,1036,1,2,2,2,8,10,67,87,1208,Normal
33,UDP,SMTP,REJ,9083,9166,4,0,2,1,19,16,70,27,312,DoS
56,UDP,SMTP,REJ,7877,7,1,2,1,0,5,18,16,19,68,Normal
1,UDP,HTTP,RSTO,239,4064,1,4,0,3,16,3,29,39,252,Normal
70,UDP,DNS,SF,4429,8943,3,3,1,3,14,7,57,48,1403,R2L
72,TCP,SMTP,RSTO,1290,4734,3,3,4,2,18,18,21,4,981,Probe
65,TCP,FTP,S0,7363,3116,1,3,4,4,16,14,72,23,151,DoS
35,UDP,HTTP,S0,7607,7678,3,4,1,2,8,9,35,77,384,Probe
39,TCP,HTTP,RSTO,7416,158,2,1,2,4,12,10,95,44,1276,Probe
29,UDP,SMTP,S0,9123,9967,0,4,4,1,12,9,20,5,47,DoS
31,UDP,DNS,SF,8898,7252,2,2,0,0,9,2,74,74,960,Probe
39,TCP,HTTP,S0,619,4503,3,4,0,4,16,5,66,44,301,U2R
85,UDP,FTP,REJ,8857,808,2,2,0,2,17,11,18,98,909,U2R
34,ICMP,DNS,SF,8327,7356,1,1,4,1,14,9,84,76,63,U2R
14,TCP,DNS,RSTO,9762,6493,4,0,3,2,6,0,30,96,786,U2R
97,TCP,DNS,RSTO,1423,1424,1,3,3,4,6,0,48,85,1478,DoS
36,TCP,DNS,S0,3324,3917,1,1,1,4,13,0,5,86,402,R2L
77,TCP,FTP,REJ,4283,4063,3,4,4,4,17,8,12,5,32,Probe
25,ICMP,DNS,REJ,8069,4325,1,2,2,4,8,11,38,44,563,DoS
49,ICMP,DNS,REJ,801,9099,1,0,1,3,13,5,4,91,1032,R2L
63,ICMP,DNS,RSTO,7523,7307,1,3,4,2,8,12,36,56,7,Normal
66,ICMP,DNS,REJ,996,9241,2,3,1,4,3,6,16,69,1241,R2L
42,UDP,HTTP,REJ,2718,2162,0,2,4,4,9,9,55,78,1140,DoS
90,TCP,HTTP,S0,1524,6923,3,1,4,3,1,12,70,70,581,Probe
34,UDP,DNS,SF,8318,8150,2,0,2,2,2,10,49,52,820,Probe
62,UDP,SMTP,SF,8962,6596,4,3,1,2,9,15,24,37,1458,U2R
89,ICMP,FTP,SF,5477,2645,0,1,0,1,10,19,10,40,1425,R2L
68,UDP,FTP,SF,6784,4648,3,1,2,2,13,18,44,68,957,Probe
34,UDP,HTTP,RSTO,6948,6063,3,4,3,1,9,2,81,63,80,R2L
59,TCP,DNS,SF,249,9172,0,1,4,4,19,3,52,70,940,R2L
46,ICMP,SMTP,S0,8358,8898,1,1,0,2,7,2,66,70,947,R2L
63,UDP,DNS,SF,5928,7228,2,1,0,0,9,0,36,14,343,Normal
81,UDP,SMTP,RSTO,7848,1668,3,3,4,3,4,3,81,9,248,Probe
8,ICMP,DNS,SF,9505,1084,2,0,4,1,16,3,75,44,281,Normal
10,TCP,SMTP,S0,2788,8769,1,3,2,1,0,1,65,34,838,R2L
10,UDP,SMTP,SF,626,2600,4,1,4,2,9,8,45,60,922,Probe
72,UDP,HTTP,SF,7037,726,4,2,0,3,2,14,11,85,635,DoS
11,UDP,DNS,S0,332,743,3,3,4,4,2,15,41,55,224,DoS
92,TCP,FTP,SF,1446,2075,1,1,2,2,19,7,71,3,74,DoS
12,ICMP,DNS,S0,8864,3846,3,4,1,1,7,16,54,27,1272,DoS
50,TCP,DNS,SF,4231,1579,2,0,3,2,12,9,87,58,157,DoS
20,TCP,DNS,S0,480,7254,0,4,1,4,12,14,68,28,106,DoS
87,ICMP,HTTP,S0,1760,5653,2,4,1,1,9,7,61,63,194,Normal
8,UDP,DNS,RSTO,6655,710,2,2,2,0,16,3,28,98,1165,U2R
26,UDP,HTTP,S0,3285,9139,4,0,3,4,8,8,28,80,1396,Normal
70,ICMP,HTTP,REJ,4505,1395,2,2,2,4,10,11,0,5,1103,R2L
68,UDP,DNS,SF,2297,8067,3,1,4,0,4,5,79,19,863,U2R
26,ICMP,FTP,S0,4342,7704,4,0,4,3,3,5,32,47,657,Normal
21,TCP,SMTP,SF,6585,7654,3,0,3,1,13,0,28,9,1253,Probe
26,ICMP,SMTP,REJ,5007,5411,0,1,1,0,9,9,68,71,1367,Probe
57,UDP,DNS,REJ,500,5294,3,4,1,4,2,9,65,16,915,Probe
31,UDP,DNS,SF,2172,2522,4,4,0,0,4,7,0,2,1177,R2L
38,ICMP,DNS,SF,3112,3335,1,0,0,2,6,1,68,52,20,DoS
83,UDP,SMTP,REJ,9087,7749,3,0,0,3,9,6,59,84,272,Probe
45,TCP,DNS,S0,1630,77,0,1,4,1,16,1,21,67,1273,Probe
2,UDP,DNS,S0,8964,6776,4,2,0,2,15,19,51,82,228,Probe
82,UDP,HTTP,REJ,8049,3208,3,4,0,2,12,3,0,38,256,R2L
55,ICMP,SMTP,REJ,7590,639,3,1,2,2,16,8,92,45,414,U2R
56,ICMP,HTTP,REJ,9007,2570,0,3,1,0,1,14,75,95,527,R2L
27,TCP,HTTP,RSTO,8255,1915,0,3,1,3,5,6,61,69,235,Normal
70,UDP,FTP,S0,4115,296,1,3,0,0,8,1,15,42,671,Probe
17,UDP,SMTP,RSTO,9767,8920,1,3,2,0,4,4,70,3,789,Probe
21,TCP,HTTP,REJ,2064,1794,0,1,3,2,3,7,21,34,792,DoS
76,TCP,FTP,SF,6159,465,4,2,4,2,0,11,33,8,1427,DoS
34,TCP,DNS,S0,6189,1436,1,2,3,2,9,12,80,57,646,Normal
90,ICMP,DNS,S0,6759,8680,2,4,4,2,0,4,42,69,1262,Normal
32,TCP,HTTP,SF,3661,726,1,3,0,3,4,11,32,7,613,U2R
0,UDP,HTTP,S0,9548,2466,4,3,4,4,1,8,46,43,471,U2R
62,ICMP,FTP,RSTO,4325,8666,0,3,4,3,14,0,85,58,244,DoS
82,UDP,DNS,RSTO,9744,1395,1,1,2,0,16,18,80,10,424,DoS
56,ICMP,SMTP,SF,824,854,0,2,3,3,1,17,23,65,1100,R2L
46,UDP,SMTP,SF,5411,9602,4,3,1,1,17,7,95,15,129,Normal
47,UDP,HTTP,SF,1502,429,1,3,1,2,8,16,41,68,1224,Normal
20,TCP,SMTP,REJ,8908,2948,1,4,1,1,9,19,83,57,201,DoS
96,UDP,FTP,S0,4262,7312,2,1,1,2,16,17,80,20,563,DoS
36,UDP,DNS,RSTO,3957,3914,0,0,4,2,15,14,89,21,1142,R2L
91,ICMP,DNS,S0,6060,3736,4,2,2,0,19,19,70,99,333,U2R
60,ICMP,DNS,S0,6100,4469,4,0,4,1,8,1,73,24,473,R2L
84,UDP,FTP,SF,9926,6153,2,1,4,4,15,17,66,69,302,R2L
16,ICMP,DNS,S0,783,9797,4,3,2,4,14,1,43,20,1182,U2R
13,TCP,FTP,RSTO,9253,7578,4,4,0,3,19,2,27,12,238,Probe
1,UDP,FTP,RSTO,1728,7187,4,0,2,3,3,2,70,82,21,R2L
88,TCP,SMTP,SF,2904,5450,1,3,0,4,15,5,87,74,531,DoS
4,UDP,HTTP,S0,3514,5651,2,3,1,1,0,5,64,92,769,U2R
46,TCP,SMTP,S0,4178,9077,2,0,4,3,9,9,95,31,1438,U2R
51,ICMP,SMTP,RSTO,168,5566,0,3,4,2,12,3,45,27,1321,Normal
26,ICMP,FTP,S0,150,972,1,4,2,0,1,10,2,41,935,U2R
77,TCP,DNS,REJ,4370,7923,4,1,1,3,4,5,41,99,1456,R2L
57,ICMP,SMTP,REJ,7222,9656,2,1,2,3,13,5,34,16,659,Normal
34,UDP,SMTP,RSTO,3033,6262,3,4,1,4,18,13,27,75,1328,Normal
33,ICMP,SMTP,S0,9194,2695,2,0,2,1,4,15,14,57,475,DoS
36,TCP,HTTP,RSTO,4344,9222,4,0,1,2,13,4,9,38,1370,R2L
37,TCP,DNS,SF,329,6462,3,2,0,3,6,13,73,83,1236,DoS
40,TCP,DNS,RSTO,8854,4546,1,4,4,0,12,5,57,82,917,R2L
52,ICMP,HTTP,RSTO,5919,8509,1,2,1,0,12,15,1,65,438,DoS
88,ICMP,HTTP,REJ,5296,4409,2,4,3,3,1,3,40,36,158,R2L
38,ICMP,DNS,RSTO,7285,5836,0,0,4,0,16,9,30,89,1119,R2L
48,UDP,DNS,REJ,814,3770,1,1,1,2,0,2,28,37,1148,Normal
80,TCP,HTTP,SF,6605,4033,3,3,1,2,11,16,33,79,974,U2R
96,UDP,FTP,RSTO,7800,1682,3,2,3,3,2,1,1,38,325,DoS
83,UDP,DNS,S0,5532,1180,3,2,2,4,3,11,62,49,844,DoS
43,ICMP,SMTP,REJ,7903,8185,2,0,4,3,1,9,77,86,1495,U2R
39,TCP,SMTP,S0,5895,8572,0,0,0,1,9,17,31,33,1173,Normal
2,ICMP,DNS,S0,1178,6081,3,2,2,3,18,11,7,97,1125,Normal
7,UDP,DNS,RSTO,2476,9522,0,4,4,2,5,4,43,35,1483,Normal
63,ICMP,HTTP,S0,2879,7240,3,2,4,1,17,8,97,2,763,Normal
90,ICMP,FTP,RSTO,2218,576,4,3,2,2,5,17,3,8,362,DoS
86,ICMP,HTTP,REJ,1654,7317,4,3,4,2,12,15,69,81,1219,R2L
66,UDP,HTTP,SF,7618,823,4,0,2,1,12,16,23,29,236,R2L
42,UDP,HTTP,RSTO,7430,6859,1,0,0,1,1,18,54,90,109,U2R
95,ICMP,FTP,SF,3418,495,3,4,1,2,6,5,18,45,29,U2R
19,UDP,HTTP,S0,8770,5951,4,1,2,0,14,7,80,62,985,R2L
21,UDP,SMTP,SF,4705,1305,0,3,4,2,10,5,85,88,111,DoS
4,TCP,FTP,S0,8805,5325,0,1,1,4,8,6,73,52,569,DoS
50,UDP,SMTP,SF,7258,415,3,2,1,1,10,10,99,38,341,DoS
13,UDP,SMTP,SF,4793,5218,0,4,0,2,13,13,32,30,823,Normal
8,UDP,SMTP,RSTO,5584,1965,2,2,2,1,0,10,3,98,21,U2R
30,ICMP,HTTP,RSTO,3525,141,1,2,4,0,12,3,83,48,688,R2L
67,UDP,DNS,RSTO,1262,5484,3,1,4,4,13,16,34,31,1392,U2R
62,ICMP,FTP,REJ,459,9653,4,2,3,4,9,14,52,21,510,DoS
27,ICMP,FTP,REJ,171,3373,3,1,3,2,8,0,50,48,1275,Normal
43,UDP,SMTP,REJ,8918,5337,3,2,4,1,10,9,46,69,567,Probe
28,TCP,SMTP,RSTO,2509,4632,3,4,1,2,19,15,56,46,985,Probe
15,ICMP,SMTP,SF,660,5829,2,2,2,4,19,8,8,61,92,U2R
21,ICMP,DNS,SF,7395,5639,1,4,0,1,18,14,60,49,545,DoS
29,UDP,DNS,REJ,4048,3171,2,4,4,1,16,10,17,94,1194,DoS
10,UDP,HTTP,SF,430,4554,3,3,2,0,9,11,97,13,9,Probe
73,UDP,SMTP,SF,2233,7411,1,4,4,3,18,18,77,45,1460,R2L
73,UDP,DNS,REJ,1698,3298,3,1,1,0,6,8,44,37,1069,Normal
26,ICMP,DNS,S0,6128,4123,4,4,1,0,8,6,21,3,788,R2L
8,UDP,FTP,REJ,7774,1911,2,4,4,2,2,11,73,24,1071,Normal
46,ICMP,HTTP,RSTO,6390,3241,2,4,1,1,11,9,55,24,1432,R2L
52,UDP,HTTP,RSTO,9248,4109,0,0,2,3,17,2,23,99,1260,R2L
73,TCP,HTTP,RSTO,8611,1485,3,1,4,3,9,7,99,3,192,DoS
17,TCP,DNS,SF,6281,5569,3,4,3,0,16,17,58,61,438,R2L
74,UDP,DNS,REJ,2753,2069,2,4,0,0,17,10,63,8,871,DoS
7,TCP,SMTP,S0,6596,8127,0,1,4,0,5,4,49,57,1452,Normal
42,TCP,FTP,S0,1737,5753,2,2,3,0,6,1,12,60,700,U2R
66,ICMP,DNS,REJ,681,3515,3,3,3,0,11,1,70,58,1319,Normal
79,ICMP,HTTP,SF,2207,7122,3,0,4,0,12,4,87,31,995,Probe
66,ICMP,SMTP,REJ,8224,9526,2,4,1,2,2,14,20,31,1486,Normal
45,ICMP,DNS,REJ,6867,9120,1,1,1,4,6,6,2,91,1018,Normal
95,ICMP,HTTP,S0,9405,7676,1,1,3,3,18,12,42,27,179,U2R
61,UDP,FTP,REJ,4671,2701,4,3,2,3,14,5,0,46,1431,Probe
88,UDP,SMTP,REJ,3559,1314,1,1,2,2,10,7,29,96,1253,Normal
76,ICMP,DNS,RSTO,8217,4187,2,3,4,3,18,8,7,35,390,R2L
87,UDP,DNS,REJ,8293,4947,0,1,2,0,2,15,76,84,1016,Probe
7,ICMP,FTP,RSTO,8681,8274,1,4,0,2,8,19,96,59,206,Normal
57,TCP,SMTP,RSTO,5788,3303,3,1,4,3,13,11,93,69,296,R2L
25,UDP,SMTP,RSTO,6673,2729,2,2,3,2,19,9,62,54,1448,DoS
60,TCP,SMTP,SF,3157,9689,3,2,1,0,17,12,16,53,684,U2R
48,UDP,FTP,RSTO,4836,8629,3,2,3,0,3,16,77,32,725,U2R
24,TCP,DNS,SF,113,9053,2,1,2,3,7,10,50,91,1412,DoS
9,UDP,HTTP,RSTO,2260,837,4,0,0,0,0,0,73,67,1090,DoS
90,UDP,HTTP,S0,1944,5318,2,2,1,2,1,18,39,45,437,U2R
79,UDP,DNS,SF,6935,565,3,1,2,0,19,9,3,27,186,DoS
97,TCP,SMTP,REJ,5448,6675,4,0,3,4,9,10,23,12,670,DoS
83,UDP,DNS,RSTO,8749,4585,3,4,0,1,10,18,69,15,884,R2L
28,TCP,FTP,S0,925,2373,1,4,3,3,18,9,64,31,1425,DoS
7,ICMP,FTP,SF,2036,4986,3,1,0,1,1,2,56,55,174,R2L
7,TCP,FTP,REJ,5881,5700,3,1,0,2,1,12,14,4,677,Normal
5,UDP,SMTP,RSTO,7982,1959,0,4,3,2,11,13,52,44,1022,R2L
46,UDP,DNS,S0,9418,6774,0,1,1,2,3,16,82,10,890,DoS
33,ICMP,HTTP,S0,8905,212,0,0,0,0,19,13,81,76,1403,U2R
99,ICMP,HTTP,REJ,3185,1762,1,0,0,3,7,6,86,1,866,R2L
32,TCP,SMTP,SF,4832,9,1,4,3,4,13,17,13,99,850,DoS
86,UDP,DNS,RSTO,7858,2795,1,0,1,2,3,9,17,94,1225,Normal
65,UDP,DNS,SF,954,3346,0,0,4,2,15,1,15,44,165,R2L
29,UDP,SMTP,SF,5752,6369,3,1,2,2,10,12,33,53,321,DoS
92,TCP,HTTP,REJ,3389,2546,1,3,3,2,1,5,15,65,88,R2L
26,ICMP,SMTP,REJ,107,3661,2,2,4,0,11,2,56,20,92,DoS
98,UDP,FTP,REJ,7179,1863,2,0,0,1,12,7,32,67,998,Probe
77,TCP,HTTP,RSTO,6148,5211,4,3,2,4,18,2,80,11,600,DoS
67,TCP,FTP,REJ,3715,7938,1,3,0,3,11,19,60,79,412,Probe
93,UDP,FTP,REJ,150,1065,0,4,3,4,6,18,50,52,327,U2R
81,TCP,FTP,REJ,4303,8673,3,2,4,0,12,3,24,21,1291,R2L
4,ICMP,HTTP,REJ,3338,114,2,4,2,3,1,7,78,21,340,Normal
69,TCP,HTTP,SF,9110,2928,3,0,0,4,13,4,28,22,583,Normal
72,TCP,DNS,REJ,1642,7871,3,2,2,3,0,7,87,12,1158,U2R
61,TCP,SMTP,REJ,8803,2424,1,2,1,2,11,8,63,20,20,Probe
0,UDP,SMTP,REJ,9833,5608,1,2,4,4,9,1,80,58,1110,DoS
55,TCP,DNS,S0,3867,77,1,2,4,0,7,7,62,60,653,Normal
72,ICMP,FTP,S0,9802,6137,0,0,3,4,2,18,68,69,506,DoS
70,ICMP,HTTP,S0,5631,7913,4,2,0,0,14,9,16,78,738,Probe
31,ICMP,SMTP,S0,1681,7141,3,3,1,0,9,5,46,68,1449,R2L
1,ICMP,HTTP,S0,5696,3641,2,0,2,0,6,6,42,80,1163,R2L
16,ICMP,FTP,SF,1562,1965,4,4,4,2,5,11,84,98,164,Normal
88,UDP,FTP,RSTO,9329,8601,1,2,1,0,19,0,74,80,268,Probe
26,UDP,SMTP,REJ,6113,6790,1,4,4,0,17,7,75,97,998,Normal
4,ICMP,FTP,REJ,8941,1124,3,1,3,3,5,0,30,35,876,U2R
72,TCP,SMTP,S0,5924,706,1,2,1,3,4,9,97,16,676,Normal
34,ICMP,HTTP,S0,9070,6539,4,1,1,1,14,12,28,91,707,U2R
97,ICMP,FTP,S0,771,7880,0,4,3,1,17,8,14,1,994,R2L
42,UDP,DNS,SF,1347,8710,1,0,0,4,14,2,5,92,348,R2L
50,ICMP,HTTP,REJ,9355,5737,0,4,2,4,9,11,1,42,1318,Probe
77,ICMP,DNS,REJ,7046,9405,4,2,0,2,14,5,56,25,505,Normal
82,TCP,SMTP,SF,3377,5521,2,2,3,0,8,6,12,83,1250,R2L
24,ICMP,FTP,S0,6199,8765,1,2,4,1,2,11,58,72,1293,R2L
51,UDP,FTP,S0,5633,5973,2,2,3,1,15,6,94,91,704,DoS
26,TCP,DNS,RSTO,672,1376,0,4,1,1,11,6,94,31,231,Probe
63,TCP,DNS,RSTO,6708,8017,3,1,1,1,15,19,27,68,1473,DoS
52,TCP,HTTP,SF,6869,2207,4,4,3,4,0,5,14,92,1274,R2L
9,UDP,SMTP,REJ,5168,7586,2,4,2,1,16,17,94,96,1051,U2R
21,UDP,FTP,S0,3571,5404,3,2,3,4,16,3,0,67,660,R2L
67,TCP,SMTP,SF,4497,6329,4,1,1,4,12,0,81,77,617,U2R
15,UDP,SMTP,RSTO,3158,379,4,4,0,4,19,19,66,4,898,Normal
7,UDP,DNS,REJ,1400,4819,2,3,1,2,6,7,70,14,744,Normal
86,ICMP,HTTP,SF,1385,5092,3,0,2,3,10,6,58,58,1289,U2R
20,TCP,DNS,S0,9169,2011,1,0,3,3,17,14,14,15,1359,Normal
60,TCP,FTP,S0,7959,4789,4,0,0,0,6,17,83,14,4,R2L
76,TCP,SMTP,SF,8687,2429,2,0,3,0,12,17,65,11,913,Probe
67,TCP,FTP,REJ,4884,9258,0,1,2,0,10,3,28,97,1138,Probe
28,ICMP,SMTP,RSTO,956,5968,3,1,4,3,11,18,81,83,101,Normal
3,ICMP,SMTP,S0,1037,3321,1,3,2,4,8,2,90,73,346,DoS
48,UDP,SMTP,S0,8137,2765,0,3,3,2,12,8,8,79,565,R2L
39,ICMP,FTP,SF,4343,7961,0,4,4,0,6,12,20,93,141,R2L
6,ICMP,SMTP,S0,9473,959,2,0,3,0,7,3,11,66,459,R2L
86,UDP,HTTP,REJ,9111,1268,0,0,3,0,1,13,86,98,1204,U2R
86,UDP,SMTP,REJ,1327,7345,3,0,0,4,10,14,99,13,1081,R2L
4,UDP,FTP,RSTO,6225,9991,3,4,0,4,7,13,95,5,725,Normal
23,UDP,DNS,RSTO,8318,2981,0,4,3,3,1,10,34,87,79,DoS
12,UDP,FTP,REJ,9375,7739,1,4,2,4,14,1,88,11,599,Normal
37,ICMP,DNS,REJ,6576,5896,3,4,3,2,19,3,96,27,861,R2L
50,TCP,FTP,RSTO,1854,7608,2,4,1,0,19,13,88,73,1437,R2L
94,UDP,HTTP,REJ,1026,9710,3,2,2,0,19,2,56,82,769,DoS
50,UDP,HTTP,RSTO,2688,1392,3,3,0,4,14,19,47,92,334,Normal
48,ICMP,FTP,REJ,6477,2887,3,2,0,1,7,12,23,11,406,Normal
90,TCP,HTTP,S0,5366,1121,1,4,4,1,5,19,31,79,1261,R2L
50,UDP,FTP,SF,5037,4300,4,4,4,0,10,4,26,76,513,R2L
17,ICMP,HTTP,RSTO,9152,3460,2,0,1,0,7,13,84,5,1372,U2R
48,TCP,HTTP,REJ,1283,8994,2,4,2,4,10,7,39,49,442,Normal
68,UDP,HTTP,S0,4988,3057,2,3,1,1,7,11,74,23,1145,Probe
32,UDP,SMTP,SF,7265,4175,2,0,1,0,7,8,60,26,665,Probe
19,TCP,SMTP,SF,9047,4382,3,0,1,0,13,5,55,8,1456,Normal
14,ICMP,DNS,S0,9647,9141,3,2,3,3,8,13,36,47,415,Probe
32,TCP,DNS,SF,5332,7539,2,0,3,1,8,6,83,0,1367,R2L
38,UDP,FTP,REJ,7363,6166,1,0,0,3,6,15,98,99,643,DoS
91,ICMP,SMTP,RSTO,9271,6173,4,4,2,3,2,11,1,18,619,Probe
13,ICMP,SMTP,REJ,7881,3990,3,3,1,1,3,0,2,75,404,R2L
75,ICMP,SMTP,REJ,8713,399,2,2,3,3,0,0,54,75,1485,R2L
59,UDP,SMTP,SF,9854,2579,3,0,4,4,9,5,70,96,1240,Normal
33,ICMP,HTTP,RSTO,7777,4736,3,2,1,1,5,15,21,15,942,Probe
20,ICMP,HTTP,RSTO,3533,1061,4,2,4,3,2,10,6,14,522,DoS
59,TCP,FTP,REJ,4277,5008,4,2,0,2,2,13,10,55,1391,DoS
53,ICMP,HTTP,S0,7205,3197,3,0,1,3,12,8,70,36,813,DoS
54,TCP,SMTP,SF,7477,3421,4,3,1,4,5,0,22,12,871,Probe
71,UDP,HTTP,REJ,1699,9161,0,0,1,4,4,16,8,22,1294,R2L
63,TCP,DNS,S0,1284,5547,4,4,2,2,4,5,39,58,745,R2L
0,ICMP,FTP,SF,1331,2029,3,1,3,1,7,16,49,81,1298,DoS
96,TCP,DNS,S0,3569,1086,2,3,3,1,3,7,83,14,1115,DoS
84,ICMP,DNS,SF,6822,1905,2,3,0,4,8,12,22,81,716,DoS
25,UDP,FTP,REJ,5499,8188,0,1,4,2,0,4,29,78,1201,DoS
65,ICMP,FTP,S0,8290,6479,3,2,4,2,7,2,24,59,42,R2L
32,UDP,DNS,RSTO,3164,3220,1,0,2,4,3,19,22,14,682,U2R
54,UDP,HTTP,S0,6009,7776,3,4,1,4,11,19,92,74,1022,DoS
49,ICMP,HTTP,REJ,1656,72,0,0,4,1,18,7,76,73,98,Probe
68,TCP,FTP,RSTO,76,5617,2,4,3,1,16,4,95,34,57,R2L
1,TCP,SMTP,REJ,4508,5023,1,4,0,0,0,3,11,27,803,Probe
97,ICMP,HTTP,SF,229,7027,1,4,4,0,1,6,78,2,991,DoS
92,ICMP,FTP,S0,8996,9613,3,0,1,0,6,15,85,60,871,Probe
90,TCP,HTTP,SF,5831,5294,2,1,3,1,17,1,9,85,1349,R2L
18,TCP,FTP,RSTO,9832,9670,1,4,0,2,2,18,23,86,190,Normal
18,UDP,FTP,RSTO,9954,427,0,0,3,4,12,6,48,44,652,R2L
0,UDP,DNS,RSTO,5501,9279,1,3,2,0,4,18,76,1,1321,DoS
22,ICMP,DNS,S0,2231,7468,1,3,3,1,17,13,93,86,709,U2R
69,TCP,HTTP,S0,4103,5336,0,0,4,0,3,8,5,26,46,Normal
92,ICMP,FTP,SF,2079,6604,2,3,2,1,9,0,26,20,1353,Normal
80,UDP,FTP,REJ,7407,1036,2,1,3,0,1,9,45,55,2,U2R
53,UDP,FTP,REJ,4175,3976,0,1,1,3,11,3,56,22,974,Probe
78,TCP,DNS,SF,173,2363,4,0,1,4,13,19,30,41,1156,U2R
6,TCP,FTP,SF,9960,5570,0,1,4,1,6,5,9,17,1258,DoS
44,TCP,SMTP,S0,1980,9445,0,4,3,3,8,3,60,56,313,DoS
25,ICMP,HTTP,S0,4416,6762,0,2,0,4,17,18,77,40,1446,R2L
30,ICMP,DNS,RSTO,9061,7778,2,2,0,4,13,5,99,96,1086,Probe
84,ICMP,SMTP,REJ,6370,5564,0,4,0,1,16,7,32,58,478,Probe
67,TCP,SMTP,RSTO,6807,4984,2,1,0,4,7,8,29,29,925,Normal
14,ICMP,SMTP,SF,2435,503,0,0,1,1,10,5,8,22,1342,Probe
34,ICMP,FTP,SF,8236,8886,3,4,2,0,2,15,0,10,1424,DoS
96,TCP,DNS,SF,6827,4788,2,4,1,2,17,17,92,67,468,U2R
70,ICMP,FTP,SF,2545,9818,0,4,2,0,7,18,70,75,1290,Normal
65,UDP,SMTP,RSTO,1499,8018,1,4,2,0,7,19,6,25,17,U2R
75,ICMP,SMTP,RSTO,8994,2201,0,0,3,0,12,8,96,49,662,Probe
45,ICMP,HTTP,REJ,2929,5252,0,0,0,2,12,0,13,12,1481,Normal
77,UDP,HTTP,REJ,6535,6273,3,2,0,2,18,11,46,89,638,U2R
45,UDP,SMTP,RSTO,4888,8928,3,1,3,0,19,5,60,99,1318,Normal
37,UDP,FTP,SF,2650,3147,3,1,1,1,11,6,3,8,2,Probe
63,UDP,DNS,RSTO,8611,693,2,3,1,2,2,8,87,23,637,U2R
84,TCP,HTTP,S0,5850,3108,2,1,3,4,16,11,32,74,791,Normal
16,ICMP,FTP,SF,8963,5417,0,3,4,0,0,4,42,72,1266,Normal
69,UDP,SMTP,SF,5756,8656,2,1,4,0,7,15,69,42,329,R2L
76,UDP,FTP,RSTO,124,7507,0,0,4,0,19,12,9,70,700,R2L
29,ICMP,HTTP,RSTO,6299,173,2,2,0,3,2,2,58,86,912,U2R
27,ICMP,FTP,RSTO,323,9852,3,2,0,3,16,11,27,20,249,U2R
72,UDP,DNS,SF,7713,932,0,1,1,0,12,4,80,30,915,Probe
51,TCP,HTTP,RSTO,9979,5528,4,0,4,4,18,0,11,29,215,Probe
44,TCP,HTTP,S0,8115,4837,3,2,2,2,4,11,2,18,1202,Probe
66,TCP,SMTP,S0,7774,7787,4,4,0,2,9,19,16,21,710,Probe
58,TCP,DNS,REJ,3033,7791,2,1,0,2,13,17,59,52,1285,Normal
39,ICMP,HTTP,REJ,8918,7240,4,2,0,4,6,5,72,13,861,Normal
64,TCP,SMTP,SF,3235,9004,2,4,2,4,18,18,21,83,1254,R2L
13,TCP,HTTP,REJ,1937,1898,2,4,4,2,15,13,10,77,506,Probe
70,UDP,HTTP,RSTO,1055,1958,0,3,2,3,18,7,98,99,162,Normal
7,UDP,DNS,SF,1894,8424,3,2,2,4,15,8,2,90,1234,DoS
40,TCP,HTTP,S0,5321,1698,0,3,0,0,8,4,31,59,1130,Normal
76,TCP,FTP,REJ,6678,7537,1,3,3,0,15,7,34,57,990,Normal
1,TCP,FTP,S0,9615,865,1,3,1,2,9,18,67,3,740,R2L
54,UDP,HTTP,SF,4259,6741,2,3,3,3,14,14,84,74,12,U2R
52,ICMP,HTTP,REJ,6419,9760,4,0,2,0,18,1,19,58,1074,U2R
69,ICMP,DNS,S0,7235,6618,1,4,2,3,4,1,67,78,347,DoS
59,ICMP,FTP,REJ,2713,8156,3,2,3,1,14,14,90,21,608,Normal
57,UDP,SMTP,S0,4799,8562,1,4,1,2,0,17,56,65,1323,DoS
58,TCP,FTP,REJ,4920,6034,4,2,2,4,3,6,22,84,1149,Normal
61,TCP,HTTP,S0,4464,2432,0,1,1,2,5,7,48,95,666,U2R
88,TCP,HTTP,S0,1498,2724,3,4,3,4,14,0,87,25,1475,U2R
60,UDP,DNS,REJ,734,7217,3,3,4,0,8,5,69,39,248,Probe
82,ICMP,FTP,S0,2280,7678,3,1,0,3,8,5,69,36,1471,DoS
74,TCP,HTTP,REJ,1950,7364,4,2,4,2,11,15,8,55,42,U2R
71,ICMP,HTTP,S0,8760,9278,4,4,3,3,6,18,82,43,243,DoS
56,ICMP,DNS,REJ,3616,6358,3,1,4,0,10,10,7,3,878,Normal
98,ICMP,FTP,RSTO,1681,3997,3,2,1,4,5,13,32,53,435,U2R
90,TCP,SMTP,RSTO,6250,9289,3,1,3,2,6,15,51,38,517,R2L
66,TCP,DNS,S0,4332,5724,4,2,1,0,10,19,13,46,1490,DoS
92,UDP,FTP,S0,4135,8710,2,4,4,3,13,13,94,79,452,DoS
66,ICMP,FTP,RSTO,9494,3914,2,1,4,1,10,13,60,95,70,DoS
4,UDP,SMTP,RSTO,2340,5336,0,2,3,2,5,13,86,53,760,Normal
42,ICMP,HTTP,REJ,3839,6314,3,3,0,0,8,10,66,36,283,U2R
35,UDP,DNS,REJ,7734,4653,4,0,4,1,10,7,89,92,755,U2R
74,TCP,FTP,REJ,1403,440,1,2,4,1,3,8,84,33,327,U2R
50,UDP,HTTP,SF,8376,5342,3,4,0,4,10,11,15,85,197,DoS
87,ICMP,SMTP,REJ,5141,5928,4,0,4,3,6,6,26,60,1410,Normal
49,ICMP,SMTP,RSTO,4080,7346,0,4,4,2,17,9,56,0,1308,U2R
82,UDP,DNS,S0,9331,8044,0,4,0,3,3,17,34,48,656,Normal
95,UDP,FTP,SF,9733,4398,3,0,0,3,11,1,27,93,1313,Probe
32,UDP,FTP,RSTO,1058,1523,2,3,2,1,7,0,61,62,1466,Normal
2,ICMP,FTP,S0,7198,5266,3,2,2,1,13,14,73,41,428,R2L
36,UDP,DNS,S0,1914,2085,3,4,3,1,0,15,14,87,1477,U2R
86,ICMP,HTTP,SF,3080,2633,3,4,3,4,13,16,84,10,11,Probe
8,UDP,HTTP,REJ,4356,4461,2,4,2,2,4,14,25,85,885,R2L
96,TCP,DNS,RSTO,5332,2713,2,3,1,0,7,5,43,10,1304,DoS
9,TCP,FTP,REJ,692,6316,1,4,0,2,3,2,11,0,976,DoS
63,ICMP,HTTP,REJ,290,5367,1,2,4,4,3,3,55,65,877,Probe
78,TCP,DNS,RSTO,3137,4927,0,1,2,0,5,2,90,51,1153,Probe
89,TCP,FTP,SF,7667,7284,1,1,0,1,9,16,6,78,552,Probe
42,ICMP,FTP,REJ,1041,7058,1,4,1,2,2,19,42,10,2,U2R
67,UDP,SMTP,RSTO,2079,9160,3,1,1,1,19,17,35,18,198,Probe
64,TCP,HTTP,REJ,5922,2913,0,0,1,3,4,4,43,35,156,DoS
63,ICMP,SMTP,S0,248,593,3,2,4,1,7,16,70,51,81,DoS
56,UDP,SMTP,SF,690,8470,1,3,3,1,8,16,97,17,1155,Probe
53,ICMP,HTTP,S0,3535,4104,2,1,4,2,10,12,9,0,1230,DoS
70,UDP,DNS,S0,8618,6734,1,4,3,2,9,6,45,28,8,R2L
70,UDP,SMTP,S0,4599,5338,4,4,1,1,9,4,49,99,253,Probe
39,UDP,SMTP,RSTO,5429,5695,0,0,2,0,14,18,38,24,1101,U2R
29,UDP,FTP,RSTO,9107,9899,3,3,0,4,17,11,79,68,1201,Normal
28,UDP,HTTP,S0,2845,5907,1,0,4,2,2,6,8,44,890,R2L
2,ICMP,SMTP,RSTO,7083,9077,2,3,3,3,6,6,25,19,1437,U2R
51,UDP,SMTP,REJ,2109,9428,1,0,2,2,5,0,72,84,526,DoS
52,UDP,DNS,S0,2620,1001,1,4,0,3,2,19,87,1,1085,R2L
77,UDP,DNS,SF,2722,6482,4,4,0,3,15,2,39,94,442,R2L
26,TCP,HTTP,REJ,8548,2040,0,4,3,4,13,0,53,15,515,Probe
1,UDP,SMTP,RSTO,3258,1793,0,1,2,3,5,9,10,88,382,DoS
98,TCP,SMTP,S0,156,5441,0,1,2,4,17,12,92,90,793,U2R
23,ICMP,FTP,RSTO,9541,8950,4,3,4,4,16,9,16,95,29,Normal
70,UDP,FTP,SF,7309,541,4,2,0,0,12,17,30,67,1092,DoS
66,TCP,HTTP,S0,3785,1696,1,1,3,0,1,15,42,31,937,U2R
36,UDP,DNS,RSTO,2167,7219,2,4,2,3,1,0,56,40,1337,Probe
91,TCP,DNS,SF,279,1549,4,3,0,0,2,6,94,72,171,U2R
11,UDP,FTP,RSTO,2962,1500,4,3,1,0,5,8,1,54,194,Probe
99,ICMP,FTP,RSTO,2862,1852,3,2,2,0,9,9,95,20,1467,Normal
24,ICMP,SMTP,RSTO,9960,1239,4,3,2,4,14,19,69,88,555,Probe
22,UDP,FTP,REJ,8552,5670,0,4,3,3,14,3,33,93,398,DoS
86,ICMP,HTTP,RSTO,7652,4653,1,3,1,0,9,4,12,61,915,DoS
73,ICMP,SMTP,SF,5260,9859,1,2,0,2,11,19,74,35,681,Probe
80,TCP,DNS,SF,5576,3158,2,0,3,2,5,11,91,53,1013,U2R
56,UDP,SMTP,S0,1551,3069,3,1,2,3,18,3,39,30,1305,DoS
13,TCP,HTTP,REJ,369,2402,3,0,2,2,4,17,17,68,873,DoS
88,ICMP,FTP,SF,9228,8290,2,4,3,1,11,19,44,92,484,R2L
34,UDP,HTTP,RSTO,9811,164,2,4,2,4,17,3,65,96,1065,R2L
33,TCP,DNS,SF,8279,7170,4,2,0,4,11,4,35,55,1407,Probe
37,TCP,FTP,SF,773,4628,1,4,0,4,11,5,65,42,792,U2R
90,UDP,FTP,RSTO,9623,4549,2,0,1,4,6,8,46,23,209,R2L
69,UDP,HTTP,S0,1629,5946,1,2,4,2,13,15,88,31,1110,U2R
94,UDP,DNS,S0,4835,9977,2,2,1,1,9,11,38,61,1019,Probe
75,TCP,FTP,S0,4802,6961,0,3,0,2,2,16,81,51,1035,Normal
50,TCP,HTTP,SF,6579,6273,2,2,2,2,11,5,43,79,14,Normal
86,UDP,FTP,S0,395,8663,2,3,3,2,3,15,32,89,928,Probe
37,ICMP,DNS,S0,6947,9744,3,4,0,2,4,13,29,64,409,Probe
18,UDP,SMTP,RSTO,6559,1637,1,2,0,2,17,6,57,96,1202,Normal
49,ICMP,HTTP,REJ,2503,3525,4,3,0,0,17,0,91,86,1399,U2R
3,UDP,HTTP,SF,6909,2531,3,2,0,4,6,11,46,77,536,R2L
75,TCP,DNS,REJ,7511,202,1,1,4,0,11,1,28,78,731,R2L
81,TCP,SMTP,RSTO,2519,9897,4,2,1,4,19,13,8,96,54,Normal
49,TCP,SMTP,REJ,9393,1990,1,3,1,1,14,9,76,83,1478,R2L
98,ICMP,FTP,SF,8022,5523,2,3,0,0,0,17,41,97,1191,Probe
81,ICMP,FTP,SF,9347,6082,3,2,2,3,3,12,36,62,973,R2L
71,ICMP,HTTP,RSTO,7988,9478,1,2,4,0,3,6,57,69,75,Probe
73,ICMP,SMTP,SF,4160,8879,4,2,3,2,16,7,46,72,1432,Probe
78,TCP,DNS,SF,532,9579,0,3,3,0,16,10,71,97,423,U2R
64,UDP,FTP,SF,8586,9360,1,4,3,0,14,17,12,45,523,U2R
97,UDP,HTTP,S0,1900,646,0,2,1,3,16,19,68,2,232,U2R
42,TCP,FTP,RSTO,9535,1715,2,1,2,3,17,9,28,63,927,DoS
43,UDP,SMTP,S0,547,2063,4,0,1,1,0,7,58,86,753,DoS
88,ICMP,FTP,S0,1878,9440,3,3,0,1,6,11,72,99,11,Probe
55,TCP,DNS,SF,4425,8536,1,2,0,0,12,3,34,94,1010,R2L
48,UDP,SMTP,REJ,8705,5577,4,2,4,3,12,13,99,64,628,Normal
32,UDP,HTTP,REJ,9237,7922,1,1,4,3,7,16,83,79,1481,Normal
87,UDP,HTTP,SF,4153,6299,4,3,3,2,12,6,80,58,1412,U2R
1,TCP,DNS,REJ,7038,6810,3,3,1,1,13,15,29,55,532,R2L
15,UDP,SMTP,RSTO,4063,4835,3,4,3,1,1,7,33,19,389,Normal
5,ICMP,DNS,REJ,6593,3122,3,1,2,1,4,7,48,7,1476,U2R
45,TCP,FTP,REJ,5513,3133,0,1,2,4,11,5,31,65,1316,U2R
4,UDP,FTP,RSTO,4316,1461,0,3,3,2,0,10,64,63,192,Probe
71,UDP,FTP,REJ,238,1883,0,1,2,3,8,4,54,27,194,Normal
24,TCP,FTP,REJ,6279,2674,1,0,3,4,12,3,93,29,559,Probe
42,ICMP,SMTP,REJ,4788,5319,2,0,2,4,14,1,66,4,911,R2L
96,TCP,HTTP,SF,7313,375,1,3,4,2,12,8,84,66,1411,DoS
45,UDP,HTTP,SF,3000,4618,0,2,1,1,3,13,39,81,1487,DoS
74,ICMP,SMTP,S0,3001,8311,4,0,3,4,19,8,91,63,1227,Probe
68,TCP,HTTP,RSTO,5947,4120,3,4,1,1,17,1,75,62,717,DoS
47,UDP,SMTP,REJ,4239,9184,0,1,3,4,8,11,62,33,578,R2L
55,UDP,SMTP,REJ,2571,9708,3,2,3,2,19,13,34,0,139,U2R
69,ICMP,DNS,RSTO,7203,6548,0,0,2,4,10,16,79,31,1448,Probe
13,UDP,SMTP,RSTO,1329,6705,1,4,1,0,14,17,27,49,1084,Normal
47,TCP,FTP,SF,7618,6273,3,4,1,1,13,14,37,39,976,Probe
78,ICMP,DNS,SF,3011,638,2,2,0,4,11,17,37,21,1257,R2L
91,TCP,FTP,RSTO,4045,3520,1,3,3,2,2,14,20,92,1478,DoS
59,UDP,FTP,S0,6171,879,0,0,2,4,9,17,92,55,583,Normal
20,ICMP,DNS,S0,4664,1895,1,3,4,1,11,19,36,9,321,DoS
37,UDP,SMTP,SF,9572,3331,2,0,1,1,13,14,58,79,914,U2R
93,ICMP,SMTP,S0,8817,8973,4,3,4,0,11,15,20,13,138,Probe
91,ICMP,DNS,SF,421,1979,4,2,4,0,19,15,29,46,1282,R2L
46,TCP,SMTP,REJ,2958,682,1,4,0,3,4,3,92,56,922,Normal
3,TCP,DNS,SF,2350,6728,3,1,2,0,13,11,90,51,967,DoS
49,UDP,SMTP,REJ,7172,3323,1,3,1,0,19,6,48,28,959,Normal
13,ICMP,SMTP,S0,9980,4458,4,2,4,4,19,1,37,28,464,Normal
62,ICMP,SMTP,S0,1061,6722,3,2,1,2,7,3,41,80,593,R2L
18,UDP,HTTP,RSTO,1866,3560,4,3,4,0,9,15,70,48,589,U2R
81,TCP,HTTP,REJ,2018,6340,0,1,3,2,16,0,15,51,479,Normal
33,ICMP,HTTP,S0,942,1071,0,2,0,4,1,18,94,31,127,Probe
5,ICMP,SMTP,REJ,9654,318,0,0,2,4,7,2,56,46,1338,U2R
91,ICMP,SMTP,REJ,2869,5423,2,3,4,4,8,12,46,95,757,Probe
30,UDP,SMTP,SF,8514,2133,1,2,1,4,15,10,75,73,425,Normal
58,ICMP,HTTP,RSTO,652,749,2,1,0,2,10,7,51,81,285,Probe
56,ICMP,SMTP,S0,5977,2965,2,4,1,3,7,17,97,17,311,R2L
46,UDP,SMTP,S0,8995,1743,2,2,2,1,17,15,52,40,83,R2L
20,ICMP,FTP,REJ,8952,1293,4,1,1,2,18,2,23,68,451,Normal
40,TCP,HTTP,RSTO,5151,4034,4,2,2,4,5,2,51,44,699,U2R
56,TCP,HTTP,RSTO,346,1627,0,2,2,4,11,16,18,24,1180,R2L
56,ICMP,SMTP,RSTO,8648,4858,0,3,1,0,12,15,7,16,402,Normal
2,UDP,SMTP,RSTO,9634,2648,3,4,3,4,4,7,65,58,1060,U2R
65,TCP,FTP,RSTO,4485,7273,1,2,4,2,16,18,28,48,65,DoS
6,ICMP,DNS,REJ,8784,7322,0,3,4,0,4,10,87,28,1360,U2R
44,ICMP,DNS,RSTO,9929,1290,1,1,3,3,3,0,16,91,1116,Probe
52,ICMP,FTP,REJ,1844,1407,4,0,3,2,6,10,26,60,1274,DoS
77,ICMP,DNS,REJ,9531,2042,0,4,3,2,17,17,18,64,1294,U2R
6,TCP,SMTP,SF,8600,2575,1,3,1,1,4,4,23,10,944,DoS
89,UDP,DNS,RSTO,877,2331,3,0,1,1,6,19,64,69,557,Probe
44,UDP,HTTP,REJ,6519,879,2,4,4,1,9,13,16,90,154,Normal
47,ICMP,SMTP,SF,8846,8898,0,3,2,0,16,16,34,43,1410,Probe
49,ICMP,DNS,RSTO,9754,8255,4,4,2,2,15,7,73,73,659,U2R
32,TCP,FTP,REJ,7762,5328,4,4,3,3,9,12,23,71,886,DoS
36,TCP,FTP,REJ,68,45,1,0,1,2,10,7,76,86,605,Probe
56,ICMP,FTP,RSTO,9697,4385,4,1,4,0,5,17,43,33,850,DoS
84,UDP,HTTP,S0,2166,7953,3,4,3,4,8,14,88,94,572,DoS
15,TCP,HTTP,S0,8090,3422,0,2,4,3,4,11,67,68,1447,DoS
75,TCP,FTP,S0,4842,2494,4,2,4,0,10,15,13,70,238,DoS
2,TCP,SMTP,SF,5779,1206,1,4,2,1,12,7,2,26,882,Probe
58,TCP,DNS,RSTO,3012,1885,4,3,3,1,4,7,40,29,888,Probe
87,ICMP,HTTP,REJ,6094,6856,2,4,1,4,2,4,2,35,534,R2L
24,ICMP,DNS,REJ,8872,4039,4,0,1,2,15,8,24,87,594,U2R
20,UDP,HTTP,SF,4219,4856,0,2,2,2,16,16,64,93,809,Normal
99,TCP,FTP,SF,5490,3054,1,4,2,4,16,16,91,0,951,Normal
23,TCP,SMTP,RSTO,4971,1070,4,2,3,2,10,1,98,32,937,Probe
29,ICMP,DNS,S0,360,2128,4,1,0,2,12,18,62,15,826,R2L
98,ICMP,FTP,SF,6798,6716,4,3,2,3,13,3,0,35,812,Probe
51,UDP,DNS,SF,9826,5299,0,2,2,3,4,7,36,36,1486,Normal
10,TCP,HTTP,S0,1584,17,4,1,3,4,12,13,15,52,208,DoS
16,TCP,SMTP,RSTO,6112,4708,0,1,1,1,7,5,85,26,615,Probe
6,TCP,FTP,S0,5568,8516,4,1,1,4,13,10,18,6,284,R2L
2,UDP,DNS,SF,1652,4249,3,2,3,0,7,15,43,27,1123,DoS
73,ICMP,DNS,S0,3553,173,4,0,0,0,18,1,96,2,4,DoS
56,ICMP,HTTP,S0,8537,8884,2,3,4,4,15,1,35,69,1378,R2L
79,ICMP,DNS,S0,2445,1042,0,0,1,4,16,12,40,62,730,Normal
21,ICMP,HTTP,REJ,1738,7713,1,0,2,1,18,12,95,71,1331,Normal
45,ICMP,DNS,SF,3697,4516,2,0,3,3,12,1,66,17,944,R2L
54,ICMP,SMTP,SF,9650,2416,4,3,3,4,7,6,8,99,425,Probe
91,UDP,HTTP,RSTO,3532,1072,4,2,4,0,2,5,28,45,679,DoS
7,ICMP,DNS,SF,7924,3586,0,3,0,0,16,18,72,71,525,Normal
25,TCP,FTP,RSTO,259,4603,2,2,2,3,17,1,74,36,1321,DoS
77,TCP,FTP,S0,2539,7306,4,4,4,2,10,16,80,22,287,DoS
37,UDP,SMTP,SF,2028,6290,0,2,2,0,5,15,62,92,183,R2L
64,ICMP,SMTP,SF,4937,4112,1,2,4,2,10,1,27,98,523,R2L
76,TCP,DNS,RSTO,9337,7447,2,1,4,1,6,15,12,10,509,R2L
46,UDP,DNS,SF,831,2891,1,3,1,0,4,8,25,59,1065,Normal
94,UDP,FTP,RSTO,8141,3649,2,2,4,4,15,7,37,73,687,Probe
25,UDP,HTTP,S0,5743,3517,3,0,3,0,16,17,22,31,1457,DoS
77,ICMP,DNS,SF,702,1933,4,0,3,4,15,19,64,81,427,R2L
96,UDP,HTTP,REJ,9600,9684,0,3,0,1,0,2,72,27,504,Probe
13,ICMP,SMTP,S0,9240,4692,3,0,0,3,12,18,23,10,1088,U2R
18,TCP,DNS,SF,4542,5562,1,0,3,3,7,2,29,24,445,Probe
91,UDP,DNS,S0,3565,9194,3,2,1,4,14,8,29,0,510,R2L
5,UDP,HTTP,REJ,1602,8554,4,2,3,0,18,1,43,48,192,Normal
67,UDP,FTP,RSTO,8707,8216,1,2,2,3,12,12,71,52,896,Normal
20,TCP,HTTP,SF,2871,8580,0,4,3,4,8,6,87,44,747,U2R
70,TCP,DNS,RSTO,2411,2784,0,2,3,3,2,2,11,63,1033,Probe
39,ICMP,HTTP,SF,3855,5297,0,3,0,2,16,1,15,56,589,Probe
25,ICMP,SMTP,RSTO,5056,5435,2,4,3,2,0,15,32,51,624,Probe
78,ICMP,DNS,RSTO,1321,3132,2,1,4,2,5,3,50,21,183,R2L
4,ICMP,HTTP,RSTO,3409,11,3,0,3,1,3,19,90,44,1432,R2L
96,ICMP,HTTP,REJ,4590,8623,3,1,2,2,10,15,5,40,151,DoS
65,TCP,DNS,RSTO,5778,6247,3,1,0,3,17,14,2,52,759,DoS
95,UDP,FTP,SF,1894,8398,3,3,0,3,15,8,1,42,173,R2L
20,ICMP,DNS,S0,639,8555,1,4,3,1,12,8,60,0,608,Normal
52,TCP,FTP,RSTO,4653,9571,0,0,1,1,12,2,28,90,752,Normal
78,ICMP,SMTP,SF,4320,5403,4,1,1,2,15,3,56,73,815,Normal
29,UDP,FTP,RSTO,2902,934,0,1,2,1,0,3,67,95,472,DoS
5,UDP,SMTP,REJ,450,8561,1,1,0,2,13,12,50,91,80,Normal
27,TCP,FTP,S0,7322,9954,1,2,3,4,14,17,81,23,766,U2R
81,ICMP,DNS,RSTO,5238,4188,0,2,3,4,10,17,89,64,675,DoS
21,TCP,SMTP,SF,2218,6379,4,3,4,3,18,11,15,55,66,DoS
67,ICMP,FTP,REJ,2624,5024,0,1,2,4,4,11,41,23,1236,Probe
44,UDP,HTTP,REJ,6791,8215,2,4,0,1,13,14,8,17,1416,R2L
26,UDP,HTTP,SF,3804,560,0,0,0,2,18,4,31,43,46,R2L
74,ICMP,FTP,RSTO,8330,3539,2,0,0,0,8,11,19,75,187,DoS
64,TCP,FTP,RSTO,3420,491,2,0,0,4,3,16,7,8,804,Normal
68,UDP,DNS,SF,8947,8959,3,0,2,4,12,2,74,30,508,DoS
20,ICMP,HTTP,S0,8797,5559,1,1,0,2,15,17,35,30,1258,DoS
37,ICMP,HTTP,S0,2875,4014,3,1,3,1,4,14,22,0,1311,U2R
67,ICMP,HTTP,SF,4585,1024,2,0,4,4,7,2,38,9,1249,Normal
2,UDP,HTTP,SF,5078,2688,3,0,3,0,12,1,74,34,479,R2L
76,UDP,HTTP,S0,5880,4284,0,4,2,3,1,7,89,75,484,R2L
56,TCP,DNS,SF,4387,2059,2,2,4,3,10,19,26,57,433,R2L
53,TCP,SMTP,REJ,9573,7092,3,4,0,2,18,18,31,45,636,Probe
74,UDP,HTTP,SF,3826,7089,0,0,2,4,12,0,38,39,572,Normal
47,ICMP,DNS,RSTO,2686,6241,0,0,1,1,17,14,39,47,1206,Normal
61,UDP,HTTP,S0,7594,3900,0,4,2,0,12,15,9,66,173,DoS
7,UDP,DNS,REJ,1976,9426,1,3,0,3,10,17,79,64,104,U2R
34,ICMP,FTP,RSTO,9468,2671,1,1,2,0,15,19,67,68,396,R2L
31,ICMP,DNS,REJ,5151,9857,4,3,4,4,17,1,34,88,816,Probe
36,ICMP,SMTP,S0,8731,6507,4,3,0,0,8,9,99,74,634,R2L
44,TCP,DNS,S0,5089,4974,0,0,4,4,19,4,45,88,525,Normal
92,TCP,SMTP,SF,466,9404,4,4,4,0,13,17,88,81,770,Probe
86,UDP,SMTP,REJ,8699,8006,4,4,0,0,3,12,65,77,176,Normal
90,ICMP,HTTP,RSTO,9210,1008,0,0,0,3,2,3,90,67,963,U2R
99,ICMP,FTP,RSTO,7117,1660,2,0,2,4,8,2,78,44,1065,Normal
3,UDP,FTP,RSTO,1127,516,0,2,2,0,6,12,55,51,112,DoS
46,TCP,FTP,S0,9185,7516,1,2,2,2,7,11,35,88,863,DoS
33,ICMP,HTTP,SF,992,1498,4,2,0,2,3,13,64,30,1364,R2L
47,TCP,SMTP,S0,1652,1271,0,2,4,2,4,19,19,5,687,R2L
17,TCP,SMTP,S0,5764,2053,4,0,4,1,8,1,53,32,1455,U2R
62,UDP,SMTP,SF,7090,2658,2,3,1,1,5,3,79,83,1159,U2R
87,UDP,FTP,S0,1369,3824,2,0,3,1,1,19,16,13,992,Normal
14,ICMP,DNS,S0,5426,7839,0,4,4,0,1,16,47,64,462,R2L
61,UDP,DNS,SF,5544,9027,1,0,4,2,1,14,74,69,39,U2R
38,UDP,FTP,SF,3930,4801,1,0,1,2,5,4,95,49,789,U2R
9,TCP,FTP,REJ,7163,3817,3,3,4,3,1,5,66,49,201,U2R
6,UDP,SMTP,SF,8232,2433,1,1,0,2,16,12,78,1,1439,R2L
93,ICMP,HTTP,RSTO,1310,896,1,2,1,1,17,13,35,7,1206,R2L
4,TCP,HTTP,S0,1198,9898,3,2,3,2,16,17,73,72,1411,U2R
15,ICMP,DNS,S0,6068,9594,3,0,3,2,14,11,43,82,1487,U2R
84,ICMP,SMTP,SF,2751,7056,0,4,4,3,1,6,61,35,342,U2R
66,ICMP,HTTP,REJ,3966,9710,0,0,4,1,5,1,32,28,473,Normal
31,ICMP,DNS,S0,2507,8320,3,4,3,2,6,13,63,48,790,Normal
63,TCP,DNS,S0,1945,1706,0,3,4,3,9,19,95,15,281,Normal
1,ICMP,DNS,RSTO,228,7931,0,3,1,1,9,17,65,44,1499,DoS
80,TCP,FTP,SF,275,3438,1,1,0,4,5,1,12,78,249,R2L
50,UDP,DNS,SF,5961,6837,3,4,1,1,4,15,39,61,1380,U2R
82,ICMP,SMTP,SF,6274,5629,4,3,3,1,11,2,9,51,51,DoS
56,ICMP,HTTP,SF,4736,3486,3,2,1,2,16,1,77,26,831,Normal
82,UDP,HTTP,SF,9082,9615,1,1,0,3,4,13,6,57,446,R2L
72,TCP,FTP,REJ,4456,4633,3,1,4,0,12,6,11,39,151,Normal
83,TCP,DNS,REJ,6541,281,1,1,0,0,16,19,85,22,654,DoS
8,ICMP,FTP,SF,1224,4207,1,4,0,0,1,11,92,62,783,DoS
41,TCP,SMTP,REJ,5407,33,3,0,4,0,2,7,49,28,22,R2L
26,UDP,SMTP,REJ,7775,3993,0,0,4,4,11,10,64,86,789,Probe
44,ICMP,SMTP,REJ,1331,5241,3,2,2,3,13,4,69,51,1279,R2L
89,ICMP,DNS,SF,8827,866,4,1,1,2,2,18,99,73,788,Normal
34,UDP,SMTP,SF,4812,3243,1,4,4,1,2,15,40,2,963,R2L
73,TCP,HTTP,REJ,9302,8423,0,1,2,2,0,1,42,7,1241,U2R
24,TCP,FTP,S0,2127,4711,2,3,4,2,19,10,25,51,268,R2L
98,TCP,HTTP,REJ,5925,7741,0,2,1,2,16,4,87,67,154,R2L
19,TCP,SMTP,RSTO,7764,8101,4,3,1,2,0,16,15,94,429,Normal
54,TCP,DNS,REJ,7904,8613,0,2,1,2,10,15,79,54,902,R2L
44,UDP,HTTP,SF,7626,6869,1,0,0,0,15,3,82,57,284,Normal
11,UDP,SMTP,REJ,2161,9051,2,1,1,1,4,6,60,84,1340,DoS
96,UDP,HTTP,S0,7109,1226,3,3,2,0,13,2,78,47,868,Probe
55,UDP,SMTP,REJ,6625,2098,2,4,4,3,17,0,28,12,380,U2R
26,ICMP,DNS,RSTO,3695,2067,0,1,2,2,13,15,80,22,104,Normal
78,ICMP,FTP,S0,3326,5395,1,2,4,2,0,14,23,1,145,U2R
5,UDP,FTP,RSTO,7465,1847,4,3,3,3,16,10,88,59,1434,Probe
44,UDP,SMTP,RSTO,745,8995,4,2,2,1,4,5,9,68,1106,R2L
58,ICMP,FTP,REJ,6508,1847,3,2,0,0,4,2,6,75,1002,Probe
77,ICMP,FTP,S0,694,6332,3,2,3,0,7,10,98,29,209,Normal
26,UDP,HTTP,REJ,899,3120,1,4,4,2,5,3,59,74,881,R2L
11,UDP,SMTP,SF,1282,3144,3,3,4,4,18,11,65,12,288,U2R
82,TCP,DNS,SF,9348,9803,1,3,3,2,11,15,70,30,564,R2L
2,ICMP,HTTP,SF,5574,8450,1,3,4,0,10,13,63,67,428,R2L
33,TCP,DNS,SF,5132,9937,2,0,2,3,17,14,64,8,58,R2L
64,UDP,DNS,SF,5255,1131,0,3,1,1,12,19,48,16,17,U2R
68,UDP,FTP,SF,8896,3181,3,4,2,3,1,3,63,86,1082,Probe
26,UDP,FTP,RSTO,5095,7599,4,4,1,3,17,8,84,10,1315,Probe
11,TCP,HTTP,RSTO,2585,3624,0,3,1,0,18,12,81,72,308,R2L
40,TCP,DNS,REJ,9428,4471,3,3,4,3,16,1,5,28,152,R2L
47,UDP,FTP,S0,420,9116,4,2,2,3,4,1,4,17,200,Normal
53,TCP,HTTP,REJ,3811,4983,1,1,2,4,18,14,51,21,767,R2L
7,TCP,DNS,REJ,8123,636,1,3,2,3,0,5,74,64,1032,Probe
30,TCP,HTTP,SF,616,6051,1,4,3,2,9,12,90,7,309,Normal
30,UDP,FTP,SF,5540,1521,3,3,4,2,6,7,6,38,1179,DoS
75,ICMP,FTP,REJ,9381,8740,2,0,1,2,9,2,72,9,1043,Normal
16,ICMP,FTP,S0,860,2076,2,3,4,4,12,8,60,44,1386,U2R
47,ICMP,DNS,REJ,1587,1944,1,4,1,2,17,6,92,40,548,DoS
52,ICMP,FTP,S0,1126,2146,2,1,0,0,3,7,10,56,224,DoS
38,ICMP,DNS,REJ,6477,616,2,0,0,3,2,4,30,50,702,Normal
30,TCP,DNS,SF,4277,840,2,2,3,2,4,3,92,76,1204,U2R
91,TCP,SMTP,S0,1191,1127,3,2,3,4,10,2,64,53,1026,R2L
41,ICMP,SMTP,SF,6656,9867,0,3,2,1,8,1,30,16,380,Normal
4,ICMP,FTP,SF,1232,8259,2,1,3,2,17,11,4,49,943,Normal
71,UDP,DNS,SF,1391,3511,1,2,2,3,18,3,67,98,900,Normal
22,UDP,SMTP,REJ,3707,4385,2,4,4,0,18,1,82,45,602,DoS
36,TCP,HTTP,SF,9575,4199,3,0,3,3,6,11,4,91,43,R2L
2,ICMP,HTTP,S0,391,9269,0,3,1,1,0,12,33,32,1041,Probe
52,TCP,DNS,REJ,419,3982,4,2,4,3,17,3,85,75,823,R2L
8,ICMP,DNS,RSTO,7338,4195,0,2,0,3,15,2,38,6,1122,U2R
48,TCP,FTP,S0,9881,6417,0,0,2,4,18,14,15,10,714,DoS
77,TCP,HTTP,RSTO,5426,1248,0,2,2,3,14,14,95,43,1114,U2R
70,UDP,FTP,RSTO,2350,3813,0,1,3,0,18,6,44,62,751,Probe
18,UDP,SMTP,REJ,7606,2978,3,0,2,2,7,2,77,95,136,U2R
14,UDP,SMTP,S0,2477,7005,0,1,0,2,2,18,88,19,1062,Probe
46,TCP,FTP,RSTO,6064,2668,3,3,3,0,18,6,82,51,1032,Normal
54,ICMP,FTP,SF,6255,1259,1,1,2,4,2,15,10,88,1407,Probe
73,ICMP,HTTP,S0,7269,9284,4,1,0,4,17,13,18,29,839,Normal
7,ICMP,HTTP,RSTO,5299,7816,0,1,0,4,0,19,84,36,539,R2L
4,UDP,FTP,SF,9301,9499,4,3,3,4,9,2,4,46,196,R2L
9,ICMP,HTTP,REJ,3509,2469,1,3,0,0,11,8,52,6,1296,U2R
7,TCP,HTTP,REJ,7054,5704,0,3,2,1,19,8,29,22,238,R2L
37,ICMP,HTTP,REJ,1301,1427,4,4,3,4,0,9,77,31,457,Probe
97,UDP,DNS,RSTO,6429,8794,4,2,1,1,19,0,65,9,1262,R2L
44,ICMP,SMTP,S0,8956,6864,3,2,0,1,10,1,20,32,1026,R2L
74,ICMP,HTTP,S0,5611,3234,2,2,0,4,0,18,53,9,109,R2L
74,TCP,DNS,RSTO,1488,8789,4,1,4,0,15,14,33,53,1249,DoS
56,TCP,FTP,SF,7407,7559,3,4,1,2,8,5,85,72,404,Normal
82,ICMP,DNS,S0,5113,9655,2,3,1,2,7,7,76,7,590,U2R
97,UDP,SMTP,RSTO,7461,5787,4,4,3,0,14,1,24,13,1027,U2R
47,ICMP,DNS,SF,6381,4843,2,1,0,4,12,18,34,35,818,DoS
53,ICMP,SMTP,RSTO,2756,920,1,2,4,2,4,7,62,15,220,Normal
5,ICMP,SMTP,SF,9608,4563,0,0,2,3,12,3,79,15,980,R2L
45,TCP,FTP,SF,650,5373,0,0,2,3,13,11,43,71,787,U2R
77,TCP,SMTP,SF,4492,7866,0,2,4,4,1,9,7,21,71,U2R
37,UDP,HTTP,S0,8993,6627,0,1,2,2,7,13,65,49,1001,Probe
25,UDP,DNS,SF,6773,6183,1,1,3,1,15,19,41,88,206,DoS
91,UDP,SMTP,REJ,2858,1951,4,2,4,0,9,15,47,0,1493,Normal
53,UDP,HTTP,SF,1961,5793,0,0,3,4,3,10,91,50,252,DoS
10,UDP,DNS,SF,6234,9565,0,1,2,1,3,15,64,51,848,Probe
23,ICMP,FTP,SF,3867,7669,1,1,2,0,10,5,87,25,843,DoS
22,ICMP,DNS,SF,4068,9598,3,1,3,2,19,17,81,8,482,Normal
50,TCP,DNS,REJ,6170,2950,0,1,3,2,9,11,95,29,308,Probe
52,ICMP,HTTP,SF,5161,945,1,3,4,0,9,12,27,92,305,U2R
7,TCP,HTTP,S0,8012,3028,0,2,2,1,8,5,48,62,833,U2R
23,UDP,DNS,SF,4779,4943,2,2,2,3,14,10,90,13,1307,Probe
38,ICMP,FTP,RSTO,8507,2669,3,1,0,0,12,0,46,0,223,DoS
52,ICMP,SMTP,S0,8195,6849,3,1,1,3,14,6,14,45,965,R2L
8,TCP,FTP,RSTO,8517,4859,2,3,0,1,19,9,23,2,546,U2R
7,ICMP,DNS,RSTO,4131,2726,0,2,0,2,3,18,50,71,1277,Probe
65,TCP,DNS,SF,7360,6451,4,3,2,3,10,9,16,32,1139,R2L
81,ICMP,HTTP,RSTO,4252,219,0,4,1,2,15,18,86,52,1445,Normal
91,ICMP,HTTP,SF,7801,5285,4,0,4,1,12,6,63,55,1152,R2L
36,UDP,DNS,SF,9312,3485,3,4,4,0,2,6,62,9,218,DoS
7,TCP,DNS,RSTO,2200,7295,0,2,3,2,16,0,84,20,993,U2R
65,TCP,SMTP,REJ,4365,1695,2,0,2,0,10,16,97,94,1074,Normal
47,ICMP,SMTP,S0,7590,1419,0,1,3,1,4,15,74,88,837,U2R
61,ICMP,DNS,REJ,5196,287,2,3,1,2,19,0,3,29,1124,U2R
76,TCP,DNS,S0,4223,5074,0,2,0,0,2,6,9,50,720,R2L
96,TCP,HTTP,S0,8423,1914,2,4,1,1,15,3,52,77,1066,Probe
92,TCP,SMTP,RSTO,7537,4905,4,3,3,2,5,19,97,66,999,Normal
38,UDP,HTTP,SF,6434,2927,3,3,3,2,5,7,14,4,745,R2L
10,TCP,FTP,SF,389,7064,3,3,2,2,6,15,78,23,655,DoS
78,ICMP,FTP,RSTO,2673,4631,0,4,0,1,2,6,50,95,18,R2L
88,ICMP,FTP,REJ,2566,4603,4,2,2,2,2,5,21,90,200,Probe
73,ICMP,HTTP,S0,3215,9204,4,3,4,1,10,10,67,93,616,U2R
99,ICMP,DNS,S0,8280,5729,4,2,4,1,7,4,85,17,480,DoS
20,ICMP,HTTP,RSTO,5854,2936,4,1,1,1,14,0,89,10,1414,R2L
19,UDP,DNS,S0,7925,2067,1,4,4,3,7,17,84,82,87,DoS
54,TCP,FTP,REJ,5300,6558,2,2,1,2,4,3,20,78,1269,Normal
73,UDP,SMTP,RSTO,4391,6390,3,0,0,0,10,0,31,58,1247,DoS
82,ICMP,SMTP,SF,5303,3089,0,4,3,0,3,0,56,77,469,R2L
13,TCP,SMTP,RSTO,3209,8436,0,1,2,1,9,16,54,76,1286,Normal
46,UDP,HTTP,S0,8161,7553,3,0,0,3,17,5,31,18,1368,Normal
91,ICMP,HTTP,REJ,9503,737,2,4,3,1,2,6,63,95,614,R2L
79,UDP,DNS,S0,1149,2928,4,4,0,1,9,9,26,75,503,Normal
96,UDP,HTTP,RSTO,1601,3314,4,0,4,3,7,15,17,40,1098,Probe
47,UDP,SMTP,REJ,2665,9978,3,1,1,1,6,15,13,41,653,Probe
16,UDP,SMTP,SF,3597,3296,3,0,1,3,12,18,63,15,1300,Normal
6,TCP,FTP,S0,7572,8555,4,0,0,0,7,8,87,82,1112,U2R
57,TCP,FTP,SF,5263,2853,3,1,1,0,11,15,5,37,435,Probe
58,TCP,DNS,SF,7741,6389,0,2,2,3,2,2,1,52,1374,U2R
91,UDP,SMTP,RSTO,3845,2967,0,2,1,2,10,6,31,12,647,R2L
16,ICMP,SMTP,SF,5243,8973,0,3,2,1,9,1,26,95,280,Normal
